StudentID,Name,Class,Age,Gender,Attendance,Mathematics,Physics,Chemistry,Biology,English,History,OverallPercentage,Grade,AssignmentCompletion,ExamParticipation
STU0001,Varun Singh,10A,11,Male,76.7,69.62,60.81,74.55,68.95,54.56,46.72,62.54,C,68.75,No
STU0002,Shruti Sharma,12A,12,Female,76.61,79.55,74.21,43.31,71.44,57.22,50.03,62.63,C,66.22,Yes
STU0003,Sneha Kumar,11C,11,Female,95.42,88.87,67.08,67.79,77.87,81.2,85.23,78.01,B,82.08,No
STU0004,Pooja Gupta,10B,10,Male,93.19,79.73,71.08,100,75.81,80.8,70.51,79.66,B,66.51,Yes
STU0005,Rohan Joshi,10B,10,Male,74.9,47.59,67.65,45.52,62.18,53.02,59.89,55.98,D,91.04,Yes
STU0006,Priya Verma,11C,12,Male,76.33,60.08,88.19,54.57,48.86,66.22,52.08,61.67,C,78.35,Yes
STU0007,Vikram Mehta,12A,13,Female,96.93,86.4,56.78,79.92,88.46,86.59,78.91,79.51,B,64.39,Yes
STU0008,Ishita Iyer,12B,12,Female,81.45,73.8,62.24,56.95,63.84,49.97,82.37,64.86,C,87.27,No
STU0009,Arjun Verma,10B,11,Female,74.74,50.51,39.61,64.6,61.14,53.44,63.81,55.52,D,64.26,Yes
STU0010,Varun Gupta,10C,11,Male,86.18,89.52,83.36,51.51,64.35,65.94,91.86,74.42,B,95.15,Yes
STU0011,Kavya Patel,10D,10,Male,91.96,79.85,86.61,66.66,57.44,92.23,100,80.46,A,66.61,No
STU0012,Shruti Iyer,10D,10,Female,81.97,68.53,75.47,78.29,57.25,65.25,75.7,70.08,B,60.84,No
STU0013,Kavya Mehta,10A,10,Male,76.87,66.84,85.13,19.14,63.78,63.58,49.86,58.05,D,65.29,No
STU0014,Nikhil Kulkarni,10D,11,Female,75.71,50.65,32.38,53.45,61.24,79.93,54.86,55.42,D,99.37,Yes
STU0015,Priya Shah,11B,11,Male,75.75,48.69,44.45,62.32,60.86,58.8,55.33,55.07,D,92.32,No
STU0016,Sneha Patel,12A,12,Male,97.79,95.19,92.0,78.34,77.4,80.37,60.66,80.66,A,75.16,Yes
STU0017,Arjun Desai,11A,12,Female,74.64,55.67,68.69,57.83,54.22,44.16,42.28,53.81,D,83.37,No
STU0018,Sanjay Nair,10A,10,Male,72.06,39.99,50.36,48.89,66.43,76.77,56.42,56.48,D,61.59,Yes
STU0019,Neha Verma,11A,11,Female,77.16,60.55,62.09,32.52,55.55,65.31,80.56,59.43,D,78.33,No
STU0020,Sneha Kumar,12A,12,Female,73.97,49.97,50.29,49.76,36.97,67.77,65.18,53.32,D,72.1,No
STU0021,Raj Rao,10B,10,Female,73.46,56.25,44.77,66.89,39.89,66.01,74.97,58.13,D,85.37,Yes
STU0022,Sanjay Kulkarni,11A,11,Male,89.03,70.07,59.46,73.24,61.95,66.36,69.43,66.75,C,77.67,Yes
STU0023,Meera Sharma,10B,10,Male,86.37,65.77,79.16,53.76,82.97,58.59,75.94,69.36,C,91.84,Yes
STU0024,Pooja Gupta,10D,10,Female,93.4,98.64,64.56,86.34,89.98,70.51,90.71,83.46,A,99.05,Yes
STU0025,Neha Sharma,10C,11,Female,94.07,92.49,97.69,62.59,72.0,80.52,93.1,83.06,A,94.34,Yes
STU0026,Rohan Desai,11B,12,Male,76.69,65.13,61.05,46.33,53.1,67.9,47.37,56.81,D,80.38,No
STU0027,Karan Sharma,10B,11,Male,87.42,100,69.68,60.86,78.02,67.26,81.4,76.2,B,99.37,Yes
STU0028,Rahul Gupta,11A,11,Female,70.05,72.48,40.99,66.02,59.86,63.34,70.11,62.13,C,62.8,Yes
STU0029,Shruti Verma,10B,11,Female,90.01,70.26,71.58,67.09,60.73,79.05,78.36,71.18,B,89.93,Yes
STU0030,Shruti Rao,11C,11,Female,78.61,63.4,73.01,64.73,78.22,57.15,88.4,70.82,B,78.93,Yes
STU0031,Ishita Kumar,11A,12,Male,94.55,95.26,75.9,64.38,82.51,70.54,86.2,79.13,B,79.01,Yes
STU0032,Aditya Iyer,12B,12,Female,84.83,70.33,72.02,49.72,56.61,69.82,72.18,65.11,C,77.01,Yes
STU0033,Akash Desai,10A,10,Male,83.69,76.85,56.66,80.09,74.79,66.65,77.93,72.16,B,84.51,No
STU0034,Neha Desai,10C,11,Female,77.78,56.02,49.41,69.98,67.53,75.9,68.51,64.56,C,63.1,Yes
STU0035,Kavya Joshi,11B,12,Male,74.15,33.63,48.16,65.84,52.98,59.87,100,60.08,C,76.63,Yes
STU0036,Neha Shah,12B,12,Female,84.31,84.79,78.68,78.33,84.73,72.01,78.95,79.58,B,89.39,No
STU0037,Kavya Kulkarni,10D,11,Female,84.57,57.93,69.96,69.57,74.89,100,55.41,71.29,B,99.23,No
STU0038,Raj Shah,12B,12,Male,89.28,76.66,55.59,61.05,86.36,70.71,59.31,68.28,C,90.45,Yes
STU0039,Arjun Iyer,11A,11,Female,70.58,42.98,68.93,39.01,56.37,56.94,45.99,51.7,D,90.17,Yes
STU0040,Rohan Sharma,12B,12,Male,73.79,84.17,63.94,25.11,61.28,52.45,58.64,57.6,D,84.29,Yes
STU0041,Anjali Rao,10B,10,Female,87.27,71.68,69.16,87.92,77.38,60.47,75.62,73.7,B,69.71,Yes
STU0042,Ishita Singh,12B,12,Female,85.98,68.84,54.85,95.44,66.42,54.58,82.13,70.38,B,77.34,Yes
STU0043,Varun Desai,10C,11,Male,92.01,100,87.14,67.28,74.3,94.22,69.57,82.08,A,89.24,Yes
STU0044,Karan Mehta,10B,11,Female,77.32,64.38,71.26,46.22,49.62,27.88,41.1,50.08,D,68.48,Yes
STU0045,Karan Joshi,12B,13,Male,85.5,61.46,50.52,88.38,54.61,60.19,71.76,64.49,C,88.47,Yes
STU0046,Raj Kumar,11A,11,Female,90.75,91.09,62.07,91.09,78.41,64.4,88.13,79.2,B,73.23,Yes
STU0047,Arjun Rao,11A,11,Male,91.64,77.55,76.51,88.71,78.03,74.05,91.57,81.07,A,71.06,No
STU0048,Sanjay Rao,10B,10,Female,76.82,71.71,34.52,85.37,31.15,66.76,67.22,59.46,D,87.9,Yes
STU0049,Varun Kulkarni,10B,10,Female,84.08,70.95,54.99,57.3,71.68,61.26,85.41,66.93,C,76.03,Yes
STU0050,Nikhil Patel,10C,10,Female,72.56,52.66,46.26,62.53,59.02,65.54,66.48,58.75,D,75.22,Yes
STU0051,Divya Iyer,11A,11,Male,98.43,72.11,75.4,100,88.37,81.13,80.82,82.97,A,60.11,Yes
STU0052,Akash Kulkarni,11A,11,Male,78.64,72.51,61.61,59.51,53.76,54.2,80.53,63.69,C,83.59,Yes
STU0053,Neha Singh,12A,12,Male,97.25,100,87.52,95.32,82.74,99.5,83.99,91.51,A+,71.54,Yes
STU0054,Aditya Rao,11C,12,Female,83.13,73.36,73.73,73.36,76.72,48.21,87.19,72.09,B,86.97,No
STU0055,Nikhil Sharma,11A,11,Male,84.12,59.78,62.58,76.35,80.03,79.01,76.2,72.33,B,63.65,Yes
STU0056,Neha Verma,11B,11,Male,79.89,66.91,48.18,73.0,61.33,75.89,60.52,64.3,C,72.58,Yes
STU0057,Sneha Shah,12A,12,Female,82.4,50.38,59.91,76.62,62.28,61.87,63.53,62.43,C,81.97,Yes
STU0058,Aditya Kulkarni,10B,10,Male,91.29,77.54,62.58,70.89,75.67,67.84,53.77,68.05,C,97.88,Yes
STU0059,Riya Rao,12A,13,Female,95.04,84.37,75.7,88.14,98.76,100,81.63,88.1,A,95.17,Yes
STU0060,Arjun Iyer,11B,12,Male,78.49,57.06,51.03,71.08,57.65,58.16,52.16,57.86,D,73.8,No
STU0061,Meera Shah,11D,12,Male,99.42,90.23,100,95.04,92.26,93.87,83.87,92.55,A+,96.54,Yes
STU0062,Rahul Reddy,11D,11,Male,85.07,74.59,77.64,78.75,59.62,70.91,75.21,72.79,B,88.9,Yes
STU0063,Varun Reddy,10B,11,Female,80.16,84.81,78.05,96.42,61.39,81.2,63.35,77.54,B,72.67,Yes
STU0064,Meera Patel,12B,12,Male,88.93,100,75.49,70.1,66.73,41.72,71.61,70.94,B,94.9,Yes
STU0065,Anjali Rao,10A,10,Female,93.88,68.6,81.14,78.85,100,94.56,80.77,83.99,A,66.8,Yes
STU0066,Shruti Shah,12B,12,Female,97.38,68.59,91.63,65.74,100,90.85,86.97,83.96,A,96.05,No
STU0067,Anjali Kumar,11D,12,Female,89.17,53.49,86.81,81.09,84.4,54.12,68.03,71.32,B,69.49,No
STU0068,Pooja Rao,11A,11,Female,78.23,62.35,65.25,60.47,59.43,50.29,59.2,59.5,D,96.17,Yes
STU0069,Kavya Agarwal,10D,10,Female,90.33,82.97,86.46,92.41,66.18,66.77,95.37,81.69,A,72.36,Yes
STU0070,Priya Agarwal,10C,10,Female,79.8,65.36,48.1,87.41,71.98,74.54,63.91,68.55,C,70.9,Yes
STU0071,Arjun Kulkarni,11A,12,Male,84.05,84.97,94.88,60.26,83.92,79.97,83.11,81.19,A,93.83,No
STU0072,Pooja Kumar,11C,11,Female,86.1,58.98,83.16,87.61,52.05,63.72,55.8,66.89,C,64.33,Yes
STU0073,Riya Sharma,12B,13,Male,89.43,75.38,83.8,97.96,79.78,87.78,50.25,79.16,B,61.49,Yes
STU0074,Sneha Singh,10D,10,Female,83.61,51.12,72.34,81.67,66.14,48.18,60.17,63.27,C,76.6,Yes
STU0075,Riya Iyer,11A,11,Female,76.52,41.93,61.45,60.35,57.03,49.87,54.02,54.11,D,85.79,Yes
STU0076,Rahul Joshi,10D,10,Female,72.75,47.16,67.92,51.26,50.73,43.97,53.93,52.49,D,91.48,Yes
STU0077,Amit Gupta,12B,12,Male,79.86,54.81,58.73,46.56,55.94,79.62,56.17,58.64,D,70.03,Yes
STU0078,Sneha Sharma,10C,10,Female,93.7,67.96,80.64,73.74,70.0,93.8,91.21,79.56,B,89.83,Yes
STU0079,Aditya Agarwal,12A,12,Female,85.12,72.7,54.12,72.52,49.88,52.41,85.72,64.56,C,98.56,Yes
STU0080,Riya Shah,11C,11,Female,91.37,97.1,83.49,81.85,75.2,100,94.41,88.67,A,83.41,Yes
STU0081,Rahul Rao,11D,12,Male,93.79,72.47,73.35,70.0,85.19,79.95,63.25,74.03,B,95.52,Yes
STU0082,Karan Desai,11C,12,Male,79.38,51.0,44.63,91.82,76.82,61.9,72.09,66.38,C,63.41,Yes
STU0083,Sneha Agarwal,10C,10,Female,90.1,75.94,73.94,100,81.73,72.67,65.54,78.3,B,71.51,Yes
STU0084,Pooja Singh,12B,12,Male,89.7,60.24,51.84,94.29,96.53,64.74,84.5,75.36,B,92.29,No
STU0085,Shruti Sharma,12B,13,Male,75.41,53.46,47.55,46.9,36.97,65.19,48.57,49.77,F,76.03,Yes
STU0086,Tanvi Sharma,10B,10,Female,82.59,66.85,63.58,68.35,61.43,61.22,67.55,64.83,C,62.1,Yes
STU0087,Shruti Patel,10B,11,Female,89.86,82.2,63.59,73.14,90.6,48.72,81.6,73.31,B,71.33,No
STU0088,Riya Rao,10A,10,Female,99.53,72.52,90.31,89.12,73.06,75.13,85.74,80.98,A,64.8,Yes
STU0089,Tanvi Iyer,10C,10,Female,85.98,69.03,61.63,82.33,48.45,68.46,61.62,65.25,C,77.45,Yes
STU0090,Amit Verma,12B,13,Female,91.28,68.91,71.25,58.47,70.25,96.48,73.81,73.2,B,93.28,Yes
STU0091,Amit Iyer,10B,10,Female,87.67,84.07,57.92,76.12,87.65,40.56,57.36,67.28,C,80.42,Yes
STU0092,Sanjay Gupta,11B,12,Male,77.09,59.31,50.96,65.96,57.41,63.6,51.13,58.06,D,90.91,Yes
STU0093,Aditya Desai,12B,13,Female,74.53,61.42,57.94,56.15,46.59,41.31,51.0,52.4,D,72.42,Yes
STU0094,Priya Patel,11B,12,Male,89.34,90.07,62.54,81.15,98.38,87.85,80.96,83.49,A,89.56,Yes
STU0095,Aditya Gupta,11B,12,Male,98.73,100,89.63,70.6,85.86,57.54,87.01,81.77,A,61.57,Yes
STU0096,Aditya Nair,11B,12,Female,81.62,71.2,89.19,60.46,65.48,72.14,35.55,65.67,C,82.32,Yes
STU0097,Divya Joshi,12B,12,Female,72.45,59.37,70.85,31.73,70.11,60.57,40.86,55.58,D,88.35,Yes
STU0098,Divya Shah,11B,11,Male,89.38,81.9,100,75.27,72.42,64.61,74.6,78.13,B,79.45,Yes
STU0099,Vikram Reddy,10B,11,Male,85.23,81.07,64.81,71.7,67.81,83.58,76.67,74.27,B,83.89,Yes
STU0100,Anjali Nair,12B,12,Female,71.31,61.48,50.02,57.9,42.21,51.46,61.95,54.17,D,69.36,Yes
STU0101,Divya Kulkarni,10D,11,Female,83.85,73.19,55.04,79.45,94.06,79.77,97.01,79.75,B,65.54,Yes
STU0102,Priya Kulkarni,11B,11,Male,78.55,57.38,41.92,48.16,72.3,68.0,69.66,59.57,D,68.88,Yes
STU0103,Pooja Sharma,11C,11,Female,85.06,68.16,66.46,96.93,62.19,80.01,85.57,76.55,B,86.0,Yes
STU0104,Vikram Patel,11A,12,Male,92.77,85.51,85.35,78.99,76.4,97.26,89.5,85.5,A,97.61,No
STU0105,Sanjay Iyer,10B,11,Male,79.03,72.11,54.3,56.04,59.67,54.93,83.27,63.39,C,83.87,Yes
STU0106,Varun Mehta,10C,11,Female,70.05,26.81,69.83,41.92,48.31,38.39,27.42,42.11,F,98.14,No
STU0107,Sanjay Sharma,11C,12,Male,89.07,94.93,71.38,50.27,65.66,68.29,100,75.09,B,85.13,No
STU0108,Tanvi Verma,10C,10,Female,86.38,75.0,47.3,74.47,67.86,43.39,73.82,63.64,C,92.46,Yes
STU0109,Akash Desai,10A,11,Male,71.31,42.96,50.94,82.6,65.57,58.3,39.33,56.62,D,70.13,Yes
STU0110,Divya Agarwal,10A,11,Female,73.73,83.21,63.47,60.01,62.58,55.08,62.72,64.51,C,79.85,Yes
STU0111,Pooja Joshi,10B,11,Male,82.92,70.24,54.27,62.71,52.76,55.23,64.42,59.94,D,77.84,Yes
STU0112,Anjali Desai,11B,12,Male,91.8,84.24,99.41,45.95,94.95,99.85,45.33,78.29,B,86.85,Yes
STU0113,Pooja Nair,10A,10,Female,71.04,38.62,52.5,31.82,39.71,39.4,74.52,46.09,F,87.16,Yes
STU0114,Pooja Desai,10B,10,Female,81.94,80.14,76.17,66.85,57.08,59.61,69.53,68.23,C,82.47,Yes
STU0115,Arjun Desai,10D,11,Female,76.01,36.06,58.05,48.58,57.78,76.49,69.55,57.75,D,98.7,Yes
STU0116,Ishita Agarwal,10B,11,Female,95.54,83.96,100,73.83,97.32,91.35,72.77,86.54,A,68.04,Yes
STU0117,Kavya Kulkarni,10A,11,Female,84.02,82.27,46.28,87.47,57.79,60.38,85.62,69.97,C,79.15,Yes
STU0118,Neha Kumar,10C,11,Male,83.5,63.15,47.99,56.88,80.88,55.43,82.7,64.5,C,98.65,Yes
STU0119,Sanjay Patel,10B,10,Female,74.94,28.06,81.13,56.04,64.24,57.95,68.29,59.28,D,70.02,No
STU0120,Arjun Reddy,11A,11,Male,87.75,74.83,80.33,77.53,83.51,66.06,81.46,77.29,B,61.65,Yes
STU0121,Amit Patel,12B,13,Male,93.01,82.71,62.94,64.46,92.14,78.52,87.61,78.06,B,79.32,Yes
STU0122,Divya Desai,10B,10,Male,83.19,67.49,65.84,63.24,54.5,74.3,60.53,64.32,C,94.43,Yes
STU0123,Vikram Agarwal,12A,12,Female,77.25,57.02,38.23,64.83,56.35,71.65,78.74,61.14,C,76.73,Yes
STU0124,Karan Verma,10D,10,Female,99.88,100,100,67.7,66.29,80.21,89.3,83.92,A,69.63,No
STU0125,Pooja Patel,10A,11,Female,87.93,86.98,68.65,71.86,55.01,58.72,49.71,65.16,C,70.58,Yes
STU0126,Rahul Agarwal,10A,11,Male,87.11,55.63,57.66,52.57,85.54,66.71,100.0,69.69,C,99.56,No
STU0127,Sneha Reddy,10B,11,Female,93.85,84.5,92.8,76.6,84.18,75.07,83.27,82.74,A,61.81,Yes
STU0128,Akash Verma,11D,12,Male,88.19,100,69.66,90.31,59.07,83.65,100,83.78,A,71.97,Yes
STU0129,Sanjay Kulkarni,12B,13,Female,94.47,72.47,100,100,77.55,96.15,98.8,90.83,A+,87.52,Yes
STU0130,Shruti Kulkarni,11A,11,Male,87.51,74.22,57.08,67.02,77.2,65.41,84.41,70.89,B,61.26,Yes
STU0131,Rohan Sharma,11D,12,Female,74.54,62.0,38.24,66.12,71.79,70.23,73.74,63.69,C,62.49,Yes
STU0132,Sanjay Gupta,12A,13,Female,85.76,77.3,69.99,78.41,47.93,73.25,78.95,70.97,B,88.84,Yes
STU0133,Shruti Kulkarni,10D,10,Female,86.74,70.08,66.46,55.3,80.74,65.99,84.6,70.53,B,72.68,Yes
STU0134,Meera Joshi,11A,11,Female,96.87,84.06,83.09,100,72.56,77.82,89.39,84.49,A,63.16,Yes
STU0135,Varun Joshi,11D,11,Male,94.84,73.33,80.65,81.22,69.56,100,67.17,78.66,B,62.03,No
STU0136,Kavya Mehta,10A,10,Female,79.91,60.42,61.56,73.33,74.86,85.15,38.55,65.64,C,86.12,Yes
STU0137,Riya Gupta,11A,12,Female,89.38,87.2,78.3,78.31,89.33,74.09,100,84.54,A,96.53,Yes
STU0138,Neha Nair,10A,11,Female,75.59,90.02,60.55,47.9,65.64,72.38,53.23,64.95,C,97.14,Yes
STU0139,Divya Desai,12A,13,Male,95.53,78.36,74.51,60.16,66.27,71.17,69.97,70.07,B,67.45,Yes
STU0140,Divya Gupta,10C,11,Female,85.46,61.93,76.81,82.91,51.45,78.9,63.01,69.17,C,70.43,Yes
STU0141,Aditya Joshi,11B,12,Male,77.85,57.06,63.29,50.35,64.36,55.66,70.1,60.14,C,96.92,Yes
STU0142,Akash Singh,11A,12,Male,76.57,54.9,81.29,56.06,54.5,49.6,53.08,58.24,D,78.83,No
STU0143,Ishita Gupta,10D,10,Female,85.85,60.72,93.75,80.42,70.86,69.2,70.83,74.3,B,81.47,Yes
STU0144,Karan Desai,10B,10,Female,72.73,47.22,67.41,55.14,35.72,71.35,66.35,57.2,D,78.5,Yes
STU0145,Tanvi Sharma,11C,12,Male,92.37,74.04,66.08,80.15,75.12,97.61,100,82.17,A,62.76,Yes
STU0146,Priya Rao,11C,11,Male,92.97,88.07,73.96,62.48,81.71,77.88,100,80.68,A,96.27,Yes
STU0147,Amit Reddy,11B,11,Male,99.79,81.37,84.95,99.1,100,100,92.92,93.06,A+,78.52,No
STU0148,Neha Shah,10D,10,Female,80.38,53.48,85.12,76.52,78.26,77.04,57.91,71.39,B,90.64,Yes
STU0149,Kavya Gupta,10B,10,Male,83.39,78.38,88.6,72.59,64.83,79.43,82.68,77.75,B,90.18,Yes
STU0150,Vikram Rao,10D,11,Female,77.11,83.59,76.98,57.9,59.51,69.46,50.81,66.38,C,83.67,Yes
STU0151,Varun Iyer,12A,13,Male,99.17,100,87.6,94.95,100,89.51,82.43,92.42,A+,75.06,No
STU0152,Riya Mehta,10D,11,Male,94.17,74.2,92.43,99.33,100,71.22,79.71,86.15,A,68.13,Yes
STU0153,Aditya Agarwal,10B,10,Male,78.05,67.2,81.72,67.06,57.84,73.26,67.46,69.09,C,82.35,Yes
STU0154,Rohan Verma,11A,11,Male,98.11,91.36,82.16,100,74.74,83.93,81.17,85.56,A,68.18,Yes
STU0155,Meera Verma,11A,12,Female,86.01,82.87,48.3,64.9,75.82,82.11,80.18,72.36,B,78.78,Yes
STU0156,Rohan Agarwal,11B,12,Male,86.88,60.27,88.0,50.35,54.82,79.37,64.83,66.27,C,66.1,Yes
STU0157,Kavya Shah,12B,12,Female,86.52,68.64,77.28,80.22,65.03,61.13,87.29,73.27,B,78.43,Yes
STU0158,Anjali Reddy,12A,13,Male,97.51,95.33,88.33,100,64.52,75.31,87.28,85.13,A,86.73,Yes
STU0159,Neha Reddy,10D,10,Male,70.27,49.93,50.74,49.82,57.92,37.67,67.35,52.24,D,79.51,Yes
STU0160,Meera Iyer,10A,10,Female,86.07,66.17,84.88,79.5,75.52,87.06,70.38,77.25,B,96.72,No
STU0161,Vikram Mehta,10D,11,Female,78.02,66.34,74.1,61.17,70.5,69.42,72.49,69.0,C,87.36,Yes
STU0162,Varun Patel,10B,11,Female,81.32,56.5,89.44,68.67,39.58,73.54,59.82,64.59,C,73.25,Yes
STU0163,Sanjay Patel,10D,10,Female,78.13,79.41,56.7,51.09,39.03,58.57,25.34,51.69,D,94.02,Yes
STU0164,Rohan Reddy,11C,11,Female,74.87,32.3,72.31,63.71,69.53,41.52,61.03,56.73,D,65.6,Yes
STU0165,Sanjay Agarwal,10A,10,Female,76.96,50.76,47.48,79.6,71.72,66.01,56.13,61.95,C,85.36,Yes
STU0166,Riya Mehta,11B,12,Female,75.57,61.64,30.53,59.9,45.15,40.34,45.52,47.18,F,70.72,Yes
STU0167,Akash Reddy,11C,12,Female,73.2,65.94,58.12,44.61,56.53,63.71,59.11,58.0,D,77.95,No
STU0168,Sanjay Iyer,10B,10,Male,80.62,56.74,58.36,69.03,66.59,70.74,69.54,65.17,C,63.39,No
STU0169,Kavya Nair,11C,11,Male,78.07,68.72,47.26,69.91,58.65,81.66,58.14,64.06,C,74.44,Yes
STU0170,Tanvi Kulkarni,12B,12,Female,73.21,71.2,65.63,43.11,50.88,56.52,55.96,57.22,D,73.39,No
STU0171,Vikram Rao,11B,11,Female,79.43,78.14,65.06,58.11,92.18,83.12,69.33,74.32,B,69.7,Yes
STU0172,Arjun Shah,11B,11,Male,87.77,75.06,78.77,82.06,70.48,69.84,57.84,72.34,B,77.54,Yes
STU0173,Akash Kumar,11C,12,Male,89.0,74.96,86.27,73.84,100,52.1,67.57,75.79,B,79.17,Yes
STU0174,Meera Iyer,12A,12,Female,91.05,87.01,92.51,100,64.75,85.98,80.9,85.19,A,66.65,No
STU0175,Priya Shah,11B,12,Male,70.32,43.53,61.24,58.63,33.12,69.65,65.9,55.34,D,75.65,No
STU0176,Akash Reddy,11B,11,Female,73.14,45.0,68.17,52.44,66.13,40.42,42.36,52.42,D,78.21,Yes
STU0177,Sanjay Kulkarni,11B,12,Male,83.14,71.15,77.97,70.05,69.28,69.08,40.32,66.31,C,85.92,Yes
STU0178,Tanvi Mehta,12A,12,Male,79.93,75.55,41.6,64.85,52.4,41.43,80.32,59.36,D,75.82,No
STU0179,Rohan Desai,12B,13,Female,70.13,38.86,49.9,53.69,61.82,52.64,40.77,49.61,F,81.48,Yes
STU0180,Karan Gupta,11D,11,Female,90.12,88.57,80.22,54.42,69.46,92.69,79.31,77.44,B,74.08,Yes
STU0181,Shruti Nair,11A,11,Male,79.4,53.12,50.68,56.14,80.28,64.89,69.62,62.46,C,82.99,Yes
STU0182,Anjali Kulkarni,12A,12,Male,84.69,74.76,68.74,65.5,58.3,65.91,59.33,65.42,C,65.46,Yes
STU0183,Meera Kulkarni,11C,12,Female,91.3,86.01,72.37,88.5,83.35,73.75,45.08,74.84,B,68.99,Yes
STU0184,Anjali Desai,12B,13,Male,87.18,79.26,77.93,94.7,38.99,100,76.43,77.89,B,77.65,Yes
STU0185,Neha Singh,10D,11,Male,83.49,78.26,61.84,74.12,65.22,66.01,85.69,71.86,B,92.43,No
STU0186,Akash Agarwal,12B,13,Male,88.48,78.05,83.52,91.19,81.99,77.09,80.96,82.13,A,66.74,Yes
STU0187,Divya Joshi,12A,12,Male,98.88,100,96.19,100,100,94.31,100,98.42,A+,69.99,Yes
STU0188,Kavya Shah,11D,11,Female,88.83,80.27,52.9,100,66.73,76.8,71.05,74.62,B,87.79,Yes
STU0189,Aditya Kulkarni,11B,11,Male,91.93,77.64,86.47,80.26,75.57,99.29,79.04,83.05,A,77.19,Yes
STU0190,Riya Joshi,11B,12,Female,86.42,61.58,90.51,91.93,65.05,84.31,71.23,77.44,B,85.05,Yes
STU0191,Raj Singh,10C,11,Female,70.02,55.62,60.58,52.0,44.17,50.95,43.39,51.12,D,97.31,Yes
STU0192,Amit Agarwal,11A,11,Female,89.94,66.41,50.34,98.23,70.94,69.79,49.33,67.51,C,63.65,Yes
STU0193,Raj Gupta,11D,11,Male,87.81,66.47,56.77,83.61,82.74,57.9,100,74.58,B,87.76,Yes
STU0194,Amit Mehta,11C,11,Male,73.1,63.27,46.22,21.79,87.89,44.95,37.22,50.22,D,87.09,Yes
STU0195,Sanjay Sharma,12B,12,Female,80.54,70.59,98.3,89.06,73.14,70.04,68.64,78.3,B,95.86,Yes
STU0196,Sneha Shah,11B,12,Female,93.73,85.7,87.91,77.85,82.91,77.02,73.97,80.89,A,97.65,Yes
STU0197,Ishita Rao,10D,10,Female,78.87,32.6,68.6,59.06,48.48,56.24,78.52,57.25,D,83.76,No
STU0198,Raj Agarwal,11B,11,Female,95.82,96.81,62.89,76.21,100,81.73,87.14,84.13,A,60.67,Yes
STU0199,Raj Joshi,10D,10,Male,98.46,92.51,72.06,93.46,77.28,79.2,89.83,84.06,A,85.62,No
STU0200,Shruti Reddy,11A,11,Female,72.37,42.46,67.93,46.03,56.32,57.58,74.79,57.52,D,85.99,Yes
STU0201,Divya Iyer,10D,10,Male,72.59,53.65,47.37,57.1,56.16,58.87,58.75,55.32,D,64.78,Yes
STU0202,Akash Sharma,10C,11,Female,85.69,68.16,67.38,47.43,84.45,61.62,57.98,64.5,C,95.46,Yes
STU0203,Karan Iyer,11A,11,Female,91.37,71.41,80.77,74.06,90.67,70.4,83.18,78.42,B,74.71,Yes
STU0204,Sneha Singh,10D,10,Male,95.76,64.57,100,67.38,96.47,85.53,98.52,85.41,A,61.41,Yes
STU0205,Kavya Verma,10D,11,Female,78.14,50.19,56.75,61.42,67.13,66.01,93.47,65.83,C,99.26,Yes
STU0206,Amit Desai,11A,12,Female,72.59,45.9,34.39,48.23,90.1,48.6,67.97,55.87,D,74.73,Yes
STU0207,Rohan Mehta,10C,10,Female,70.72,71.92,47.04,61.66,60.69,43.11,53.7,56.35,D,75.05,Yes
STU0208,Sneha Gupta,12A,12,Female,84.76,53.9,67.44,66.12,46.85,78.51,68.39,63.54,C,80.79,Yes
STU0209,Aditya Kumar,12B,12,Male,89.12,76.19,58.66,70.71,88.74,44.18,75.82,69.05,C,94.04,Yes
STU0210,Akash Verma,11B,12,Female,77.01,82.95,37.55,84.82,56.55,43.0,57.67,60.42,C,72.56,Yes
STU0211,Meera Agarwal,10D,11,Female,83.9,82.28,61.25,81.15,53.57,74.66,53.63,67.76,C,68.6,Yes
STU0212,Vikram Kumar,10D,11,Female,85.4,72.74,54.89,71.52,75.99,81.72,76.89,72.29,B,89.92,Yes
STU0213,Sneha Desai,10B,10,Male,70.36,43.98,56.33,57.65,58.65,75.76,57.81,58.36,D,85.79,No
STU0214,Nikhil Joshi,10B,10,Male,75.93,63.13,60.38,51.35,63.02,72.58,61.84,62.05,C,97.69,Yes
STU0215,Anjali Iyer,11C,12,Male,81.48,54.41,46.41,51.44,66.9,50.99,32.44,50.43,D,84.56,No
STU0216,Kavya Rao,11D,12,Female,71.83,52.7,75.1,46.36,70.19,53.94,53.87,58.69,D,92.09,Yes
STU0217,Rahul Agarwal,11D,12,Female,97.38,97.58,80.79,83.31,86.74,72.87,100,86.88,A,91.14,Yes
STU0218,Riya Agarwal,12B,12,Male,73.0,55.04,40.26,66.76,51.56,45.46,63.82,53.82,D,68.78,Yes
STU0219,Pooja Nair,10C,10,Female,94.19,99.24,96.23,72.52,96.08,100,90.22,92.38,A+,82.52,Yes
STU0220,Riya Rao,10C,11,Male,72.71,48.39,32.25,41.36,39.96,54.66,45.4,43.67,F,65.22,Yes
STU0221,Karan Patel,10A,10,Male,93.23,88.58,94.54,89.34,84.28,90.59,55.18,83.75,A,64.04,Yes
STU0222,Karan Reddy,10C,11,Female,89.48,58.19,83.62,65.33,91.75,100,85.06,80.66,A,83.56,Yes
STU0223,Rahul Rao,11A,11,Male,91.86,85.56,100,78.76,84.99,81.09,66.16,82.76,A,84.1,No
STU0224,Kavya Singh,11D,11,Female,92.36,69.92,91.51,75.1,87.56,76.83,98.28,83.2,A,85.56,Yes
STU0225,Aditya Sharma,11A,11,Male,90.8,86.14,65.65,51.49,79.91,60.1,73.43,69.45,C,66.65,Yes
STU0226,Riya Shah,11B,12,Male,94.86,74.88,63.08,94.81,86.77,75.25,58.04,75.47,B,61.34,Yes
STU0227,Karan Joshi,10B,10,Female,75.1,47.75,66.14,39.99,66.96,48.48,65.63,55.82,D,84.55,Yes
STU0228,Akash Sharma,11C,11,Female,74.71,49.74,38.71,64.44,58.32,60.39,49.68,53.55,D,70.61,Yes
STU0229,Divya Mehta,10B,10,Female,87.15,74.34,55.32,68.01,91.96,52.29,56.74,66.44,C,84.01,Yes
STU0230,Sneha Sharma,10D,10,Female,99.31,100,78.88,86.75,100,89.71,100,92.56,A+,85.67,Yes
STU0231,Anjali Agarwal,11C,12,Male,83.37,71.23,61.27,88.24,55.93,67.96,76.46,70.18,B,86.7,Yes
STU0232,Ishita Agarwal,12A,13,Male,86.61,94.58,97.25,70.9,63.82,85.0,63.51,79.18,B,95.27,Yes
STU0233,Divya Kumar,11C,11,Male,73.61,84.12,49.91,60.12,66.47,44.82,35.68,56.85,D,76.93,Yes
STU0234,Rohan Reddy,12B,13,Female,97.32,100,69.88,71.63,90.81,97.18,90.58,86.68,A,78.33,Yes
STU0235,Akash Iyer,10B,11,Male,74.45,69.64,52.02,47.66,82.45,53.31,44.94,58.34,D,71.44,No
STU0236,Pooja Iyer,11A,12,Female,87.16,88.28,73.0,76.41,100,68.77,82.05,81.42,A,75.83,Yes
STU0237,Akash Mehta,10A,11,Female,96.91,76.97,95.45,100,87.58,92.17,100,92.03,A+,63.93,Yes
STU0238,Vikram Rao,11D,12,Female,91.86,76.87,60.86,65.44,63.82,100,65.6,72.1,B,80.66,Yes
STU0239,Priya Nair,10B,11,Female,74.07,59.8,59.69,49.69,59.07,72.41,55.17,59.3,D,69.98,Yes
STU0240,Priya Agarwal,10D,11,Female,94.71,81.04,89.05,72.44,92.85,86.29,93.65,85.89,A,67.1,Yes
STU0241,Nikhil Agarwal,11B,11,Female,92.47,91.69,89.74,79.86,57.66,86.2,81.44,81.1,A,94.28,Yes
STU0242,Ishita Gupta,11A,12,Male,95.94,87.59,95.27,98.93,77.49,81.76,100,90.17,A+,68.95,No
STU0243,Divya Joshi,11C,12,Female,83.77,65.61,95.62,75.56,49.7,79.09,63.08,71.44,B,99.98,Yes
STU0244,Meera Rao,11A,11,Female,71.92,77.8,63.45,58.13,33.09,54.27,50.2,56.16,D,71.95,Yes
STU0245,Sanjay Mehta,10A,11,Female,90.42,74.69,87.4,100,77.15,61.25,80.33,80.14,A,61.41,No
STU0246,Rohan Verma,10D,11,Female,85.22,91.56,69.79,76.22,64.09,52.83,70.63,70.85,B,70.35,No
STU0247,Anjali Verma,10B,10,Female,76.7,64.91,62.38,56.02,51.12,69.31,53.73,59.58,D,64.71,Yes
STU0248,Varun Kumar,11D,11,Male,96.02,100,75.86,78.47,100,60.42,57.57,78.72,B,76.37,No
STU0249,Aditya Reddy,11B,11,Male,84.63,53.82,78.19,65.57,90.3,58.21,76.95,70.51,B,66.74,Yes
STU0250,Riya Kumar,10C,11,Female,82.1,93.95,87.87,81.63,74.62,75.88,63.53,79.58,B,72.89,No
STU0251,Rohan Sharma,10A,10,Male,90.81,83.97,63.71,65.6,79.48,69.04,78.78,73.43,B,71.93,Yes
STU0252,Aditya Verma,11C,11,Female,99.88,98.0,100,84.2,100,82.38,77.9,90.41,A+,68.97,Yes
STU0253,Rohan Sharma,12B,12,Male,81.0,59.08,33.02,71.21,58.32,83.52,63.21,61.39,C,99.79,Yes
STU0254,Varun Sharma,10A,10,Female,83.33,47.95,85.08,86.46,68.87,68.77,46.45,67.26,C,76.83,Yes
STU0255,Ishita Joshi,12B,12,Female,94.92,70.86,100,98.2,94.03,69.49,63.76,82.72,A,67.99,Yes
STU0256,Sanjay Gupta,11B,12,Female,74.81,59.07,43.4,64.06,54.26,45.51,27.53,48.97,F,63.56,Yes
STU0257,Nikhil Kulkarni,10C,10,Male,91.71,77.14,67.67,59.53,54.25,74.54,99.5,72.11,B,63.99,Yes
STU0258,Priya Rao,11B,12,Female,92.16,91.38,79.23,63.24,92.21,70.83,76.58,78.91,B,74.3,Yes
STU0259,Shruti Joshi,10B,11,Female,75.49,64.53,81.29,51.55,52.59,53.8,53.4,59.53,D,85.95,Yes
STU0260,Sneha Reddy,10A,10,Male,82.48,65.74,77.09,81.17,50.63,82.15,60.56,69.56,C,61.15,Yes
STU0261,Riya Kulkarni,10B,11,Female,71.38,46.82,39.16,26.84,66.01,66.03,50.0,49.14,F,82.6,Yes
STU0262,Sanjay Singh,11C,11,Female,80.37,68.16,67.72,51.86,58.64,83.11,39.87,61.56,C,85.74,Yes
STU0263,Sanjay Kulkarni,11D,11,Male,92.54,79.99,60.39,81.21,79.76,61.68,91.6,75.77,B,92.68,Yes
STU0264,Aditya Desai,12B,13,Male,95.7,74.39,66.92,86.62,100,64.13,83.25,79.22,B,82.29,Yes
STU0265,Amit Rao,12A,12,Female,98.51,90.43,87.42,84.59,82.7,79.29,91.44,85.98,A,78.93,Yes
STU0266,Akash Desai,10B,10,Male,70.07,34.33,17.71,61.33,61.89,19.22,30.1,37.43,F,95.88,Yes
STU0267,Vikram Iyer,10B,11,Male,75.63,73.54,80.05,56.9,54.4,59.65,66.16,65.12,C,76.58,No
STU0268,Sneha Desai,11D,11,Female,70.13,47.15,41.65,43.04,40.44,60.13,75.29,51.28,D,96.41,No
STU0269,Anjali Reddy,10B,11,Female,85.12,71.73,76.72,74.98,56.65,76.23,78.5,72.47,B,98.82,Yes
STU0270,Vikram Reddy,11C,12,Female,91.36,85.02,100,76.08,71.94,69.18,89.17,81.9,A,86.89,Yes
STU0271,Sanjay Verma,10B,11,Female,87.48,83.52,60.25,87.82,73.17,96.46,93.82,82.51,A,76.9,Yes
STU0272,Sanjay Singh,10A,11,Male,71.59,37.88,62.83,58.64,72.02,61.6,34.89,54.64,D,62.48,Yes
STU0273,Rohan Patel,11B,12,Male,88.48,70.43,88.24,65.11,72.74,60.96,79.94,72.9,B,91.87,Yes
STU0274,Akash Patel,11C,12,Female,98.7,100,71.71,89.6,95.47,82.34,96.11,89.2,A,91.24,Yes
STU0275,Kavya Agarwal,12B,12,Male,78.83,42.57,70.57,53.27,67.08,76.3,90.39,66.7,C,77.14,No
STU0276,Arjun Reddy,10C,11,Male,79.92,74.38,60.23,58.63,55.44,58.31,68.33,62.55,C,84.62,Yes
STU0277,Riya Agarwal,10B,11,Male,98.71,90.71,100,69.39,100,100,83.85,90.66,A+,95.34,Yes
STU0278,Karan Agarwal,11A,11,Female,99.9,70.88,92.2,95.61,92.97,76.79,91.9,86.73,A,84.55,No
STU0279,Kavya Patel,11B,12,Male,81.58,76.33,67.66,70.8,67.48,58.24,60.43,66.82,C,77.82,Yes
STU0280,Divya Gupta,11B,11,Male,75.02,85.2,53.58,61.45,66.26,72.08,56.99,65.93,C,94.6,Yes
STU0281,Sneha Gupta,12A,13,Male,92.41,77.8,78.77,65.67,75.52,56.82,100,75.76,B,82.32,No
STU0282,Kavya Joshi,11C,12,Female,88.91,68.3,67.97,82.08,72.8,85.08,71.88,74.69,B,90.24,No
STU0283,Priya Kumar,11B,11,Female,93.61,87.96,57.06,88.3,100,67.38,76.56,79.54,B,78.96,No
STU0284,Kavya Reddy,11C,12,Male,78.94,75.83,73.38,73.47,70.75,78.68,65.46,72.93,B,94.99,Yes
STU0285,Sneha Patel,10A,11,Male,79.14,72.07,67.36,67.13,83.24,63.51,50.74,67.34,C,66.44,Yes
STU0286,Shruti Joshi,10D,10,Male,90.13,91.47,66.48,55.79,96.81,71.39,78.65,76.77,B,62.93,Yes
STU0287,Arjun Singh,10D,11,Female,80.71,71.69,61.26,68.5,50.45,64.31,60.88,62.85,C,73.13,Yes
STU0288,Akash Reddy,12B,13,Female,98.76,90.59,92.0,82.83,100,84.73,93.58,90.62,A+,74.38,Yes
STU0289,Riya Desai,11D,12,Female,84.61,66.06,94.45,58.44,60.9,75.78,73.67,71.55,B,67.86,Yes
STU0290,Tanvi Kumar,10A,10,Female,93.08,84.63,52.11,63.34,75.84,92.97,100,78.15,B,65.95,Yes
STU0291,Kavya Rao,10C,11,Male,81.9,64.66,67.09,73.67,85.94,57.02,62.04,68.4,C,80.57,Yes
STU0292,Anjali Nair,12B,12,Female,98.18,90.08,98.82,84.48,94.87,49.81,99.08,86.19,A,80.72,Yes
STU0293,Rahul Kulkarni,11D,11,Male,99.42,77.86,71.33,95.79,100,94.27,95.93,89.2,A,81.77,Yes
STU0294,Rahul Shah,11B,11,Female,81.29,92.55,81.16,81.79,81.31,65.7,45.47,74.66,B,84.17,No
STU0295,Vikram Desai,10C,10,Male,85.44,63.25,53.47,89.79,70.52,78.4,80.43,72.64,B,76.58,Yes
STU0296,Tanvi Singh,11D,12,Female,76.32,52.17,85.43,41.4,51.62,50.99,35.81,52.9,D,85.18,Yes
STU0297,Nikhil Reddy,10A,10,Female,97.67,79.88,84.56,91.13,81.34,77.59,90.46,84.16,A,92.85,Yes
STU0298,Rohan Desai,12B,13,Female,75.12,45.38,67.96,63.71,45.75,46.75,50.99,53.42,D,70.58,Yes
STU0299,Aditya Kumar,10D,11,Female,73.97,49.45,71.83,40.98,60.36,59.9,65.46,58.0,D,67.1,No
STU0300,Shruti Patel,12A,12,Male,84.47,64.46,62.34,72.02,67.68,87.7,72.53,71.12,B,80.88,Yes
STU0301,Priya Iyer,10D,11,Female,80.52,92.93,71.46,62.27,47.38,40.9,40.11,59.18,D,90.63,Yes
STU0302,Divya Iyer,11A,11,Male,91.27,87.35,86.02,51.74,79.24,75.65,83.88,77.31,B,72.64,Yes
STU0303,Sneha Reddy,11C,12,Female,95.65,100,92.27,76.49,77.12,63.48,73.83,80.53,A,91.35,Yes
STU0304,Anjali Agarwal,12A,13,Female,99.66,88.57,83.18,85.93,83.23,94.13,74.13,84.86,A,69.19,Yes
STU0305,Sneha Gupta,12A,13,Female,94.03,86.34,91.03,60.0,96.75,83.57,88.35,84.34,A,92.93,Yes
STU0306,Shruti Iyer,10B,10,Female,76.65,58.97,52.42,67.99,72.0,53.8,63.62,61.47,C,88.46,No
STU0307,Priya Nair,11D,12,Male,76.05,47.48,65.45,53.39,46.24,58.51,35.8,51.15,D,69.27,Yes
STU0308,Ishita Patel,11B,11,Male,99.27,74.18,85.66,88.93,80.09,100,72.64,83.58,A,60.61,Yes
STU0309,Amit Rao,12A,13,Female,98.9,95.7,95.79,74.67,100,75.71,94.79,89.44,A,76.29,Yes
STU0310,Meera Kumar,12A,13,Female,98.41,100,88.97,100,91.14,92.84,94.89,94.64,A+,98.64,No
STU0311,Riya Mehta,11B,12,Female,96.9,91.5,95.24,90.54,62.54,100,60.32,83.36,A,88.05,Yes
STU0312,Neha Agarwal,12A,12,Female,77.45,64.18,76.93,53.26,46.52,55.29,56.89,58.84,D,74.14,No
STU0313,Arjun Nair,10D,11,Male,77.05,50.54,64.06,69.71,82.85,59.38,54.01,63.43,C,91.16,Yes
STU0314,Amit Kulkarni,12B,12,Male,95.44,61.14,70.56,100,100,70.6,72.31,79.1,B,67.31,No
STU0315,Arjun Shah,10D,10,Male,85.77,69.17,83.18,51.96,73.06,72.55,76.37,71.05,B,78.29,Yes
STU0316,Akash Desai,11B,11,Male,90.22,81.1,69.05,68.96,82.88,69.64,67.78,73.23,B,70.78,No
STU0317,Karan Agarwal,10C,11,Female,76.32,59.34,75.06,72.24,50.47,60.39,47.04,60.76,C,83.04,Yes
STU0318,Sneha Joshi,10D,11,Female,75.88,77.92,67.05,56.01,53.41,37.42,37.01,54.8,D,95.73,No
STU0319,Meera Verma,11D,12,Female,86.86,59.51,72.16,97.08,90.46,86.41,78.02,80.61,A,85.19,Yes
STU0320,Tanvi Verma,11A,12,Female,86.81,59.44,61.06,53.36,57.39,77.74,76.01,64.17,C,67.96,No
STU0321,Varun Nair,11A,12,Female,90.2,52.93,90.64,71.85,77.43,97.55,68.53,76.49,B,65.79,Yes
STU0322,Varun Verma,11C,12,Male,72.37,19.67,46.0,69.43,80.87,40.51,57.03,52.25,D,95.51,Yes
STU0323,Tanvi Desai,11C,11,Male,95.63,71.09,77.59,100,71.02,92.21,84.0,82.65,A,75.88,Yes
STU0324,Amit Kulkarni,12A,12,Male,93.13,94.35,91.94,76.62,78.5,75.76,85.35,83.75,A,75.59,Yes
STU0325,Kavya Rao,11D,11,Male,85.8,71.94,57.33,72.73,79.02,91.86,69.79,73.78,B,94.84,Yes
STU0326,Meera Desai,10C,10,Female,88.93,56.68,91.66,64.84,70.19,64.29,88.68,72.72,B,81.59,Yes
STU0327,Aditya Rao,11B,12,Female,74.67,20.81,94.35,74.07,51.63,51.3,60.36,58.75,D,87.51,Yes
STU0328,Riya Rao,10A,11,Female,87.91,86.07,82.59,74.32,82.6,70.25,67.06,77.15,B,88.6,Yes
STU0329,Rahul Mehta,11A,11,Female,88.76,73.01,94.62,84.4,43.61,78.32,80.32,75.71,B,81.28,Yes
STU0330,Neha Gupta,10B,10,Male,78.69,64.1,59.28,70.52,75.41,46.07,56.86,62.04,C,61.99,No
STU0331,Raj Nair,10B,11,Female,73.75,42.11,28.61,39.28,55.64,60.78,59.56,47.66,F,91.43,Yes
STU0332,Pooja Desai,10A,11,Male,95.31,100,81.06,81.56,80.36,92.75,86.64,87.06,A,93.66,Yes
STU0333,Raj Singh,10D,11,Female,77.41,84.04,62.36,68.8,64.6,62.88,43.47,64.36,C,75.56,Yes
STU0334,Karan Nair,10A,10,Female,84.44,63.27,57.52,52.19,70.85,69.21,60.28,62.22,C,77.37,Yes
STU0335,Anjali Joshi,12B,12,Female,93.67,49.02,74.96,87.24,71.26,91.4,90.24,77.35,B,63.58,Yes
STU0336,Riya Kumar,12B,13,Male,71.79,35.99,47.26,48.99,33.62,56.99,59.69,47.09,F,91.54,Yes
STU0337,Aditya Gupta,10A,11,Female,91.73,70.81,45.72,90.73,65.28,80.55,82.1,72.53,B,82.67,No
STU0338,Pooja Verma,11D,12,Male,72.07,62.19,32.97,11.79,52.31,64.38,70.39,49.0,F,75.16,Yes
STU0339,Raj Agarwal,12B,12,Female,91.63,84.52,73.72,86.28,67.64,84.51,85.93,80.43,A,84.52,Yes
STU0340,Neha Verma,10B,10,Male,71.31,73.23,78.44,47.08,37.78,45.27,21.15,50.49,D,85.67,Yes
STU0341,Ishita Kulkarni,12A,13,Male,80.99,58.44,51.16,66.97,60.66,54.61,85.9,62.96,C,63.2,Yes
STU0342,Pooja Iyer,11B,11,Female,85.87,75.85,77.74,58.78,67.34,81.45,52.78,68.99,C,69.24,Yes
STU0343,Rohan Gupta,12A,12,Male,86.75,65.6,73.61,61.51,64.03,70.11,86.88,70.29,B,77.08,Yes
STU0344,Anjali Nair,12A,13,Female,89.73,80.14,80.63,95.19,82.71,81.99,85.01,84.28,A,93.79,Yes
STU0345,Varun Iyer,11B,11,Male,81.25,69.19,62.9,32.93,62.44,91.27,66.12,64.14,C,61.39,Yes
STU0346,Shruti Sharma,12A,12,Female,70.2,71.54,59.4,47.63,58.06,51.72,52.92,56.88,D,96.76,No
STU0347,Meera Reddy,10B,10,Female,80.67,64.38,76.01,64.2,53.48,70.45,63.28,65.3,C,75.99,Yes
STU0348,Tanvi Kumar,11B,12,Male,84.65,60.19,46.04,69.32,46.79,66.28,58.51,57.85,D,92.33,Yes
STU0349,Amit Patel,11B,12,Female,82.5,68.58,91.49,65.12,73.33,76.18,43.23,69.66,C,91.1,Yes
STU0350,Priya Rao,12A,12,Female,86.2,77.06,70.74,74.06,49.75,57.59,79.27,68.08,C,77.82,No
STU0351,Nikhil Kumar,10D,11,Female,93.59,78.93,67.35,70.53,99.86,68.14,96.42,80.2,A,75.94,Yes
STU0352,Akash Reddy,10C,11,Male,84.64,61.76,71.1,67.9,81.47,57.92,59.0,66.52,C,91.07,Yes
STU0353,Ishita Kumar,10B,11,Female,80.96,58.91,49.48,76.61,63.85,55.26,49.68,58.96,D,92.86,Yes
STU0354,Shruti Reddy,11D,11,Male,75.99,24.72,60.85,93.99,59.65,48.85,63.81,58.65,D,97.07,Yes
STU0355,Raj Verma,10B,11,Female,84.14,65.76,80.22,48.92,83.15,82.45,78.45,73.16,B,84.92,Yes
STU0356,Akash Sharma,11C,11,Female,75.11,57.76,62.83,67.25,54.98,55.66,40.1,56.43,D,75.55,Yes
STU0357,Ishita Agarwal,10B,10,Female,96.02,88.9,97.9,67.44,76.62,78.66,81.61,81.86,A,94.67,No
STU0358,Amit Nair,10D,11,Male,71.19,62.11,50.61,48.71,74.35,22.74,45.33,50.64,D,74.22,Yes
STU0359,Kavya Joshi,10A,11,Female,96.71,90.67,56.48,84.6,100,78.9,96.33,84.5,A,86.28,Yes
STU0360,Tanvi Shah,12A,12,Female,77.21,37.55,61.63,63.31,52.39,75.84,60.44,58.53,D,65.54,No
STU0361,Ishita Gupta,10C,11,Male,82.9,62.04,75.56,76.3,82.18,79.33,46.38,70.3,B,81.32,Yes
STU0362,Anjali Verma,10C,10,Female,96.4,73.75,68.33,81.25,99.47,100,92.95,85.96,A,70.95,Yes
STU0363,Sneha Reddy,10C,10,Female,88.17,72.64,77.97,58.82,89.82,46.52,82.04,71.3,B,65.36,No
STU0364,Riya Agarwal,10C,11,Female,84.22,86.52,63.57,64.85,74.05,75.3,94.44,76.45,B,68.9,Yes
STU0365,Rohan Kumar,10C,11,Female,90.64,58.31,100,58.98,79.84,74.53,91.07,77.12,B,88.81,Yes
STU0366,Shruti Patel,12A,12,Female,83.71,56.66,81.38,87.49,52.68,80.23,51.12,68.26,C,75.5,Yes
STU0367,Rohan Rao,11D,12,Female,93.21,81.78,74.51,69.14,95.18,100,86.73,84.56,A,78.54,Yes
STU0368,Amit Singh,10C,10,Female,82.41,74.2,44.6,56.88,76.47,78.39,69.91,66.74,C,70.0,Yes
STU0369,Akash Singh,10B,10,Female,89.02,63.31,79.5,64.89,92.12,88.19,63.13,75.19,B,82.01,Yes
STU0370,Anjali Verma,12B,12,Male,96.06,72.68,92.18,77.9,80.14,100,80.71,83.94,A,85.06,Yes
STU0371,Vikram Gupta,10A,11,Male,83.76,71.15,61.45,67.39,73.83,55.31,85.98,69.19,C,79.03,Yes
STU0372,Aditya Kumar,12B,12,Male,96.47,97.89,80.66,69.3,91.54,70.77,85.88,82.67,A,73.96,Yes
STU0373,Priya Rao,11B,11,Male,73.27,40.59,58.3,35.51,66.35,58.53,44.36,50.61,D,82.49,Yes
STU0374,Tanvi Agarwal,10A,10,Female,79.68,65.97,77.55,69.35,76.79,77.92,43.55,68.52,C,64.88,Yes
STU0375,Karan Iyer,12A,12,Male,88.36,86.07,80.33,66.27,68.26,71.88,89.31,77.02,B,97.36,Yes
STU0376,Neha Verma,11A,12,Male,88.43,72.97,97.29,57.11,80.59,67.22,73.59,74.8,B,71.62,Yes
STU0377,Raj Singh,10A,11,Male,92.12,84.28,76.75,46.54,72.79,81.73,90.47,75.43,B,68.49,Yes
STU0378,Akash Rao,11A,11,Female,79.01,77.84,54.5,62.45,72.99,38.59,67.23,62.27,C,98.4,Yes
STU0379,Rohan Verma,11B,12,Female,93.92,78.76,80.54,88.61,83.89,74.52,79.01,80.89,A,91.36,Yes
STU0380,Tanvi Patel,12A,13,Female,86.66,49.54,60.73,77.0,66.75,86.12,69.09,68.2,C,65.97,Yes
STU0381,Karan Shah,12A,12,Female,75.62,29.12,55.01,67.99,52.88,56.12,58.47,53.26,D,63.47,Yes
STU0382,Pooja Desai,11A,11,Female,75.25,63.88,44.73,43.87,65.92,77.99,74.73,61.85,C,96.2,Yes
STU0383,Rohan Verma,11D,12,Female,74.3,64.19,52.48,54.53,65.54,53.41,77.04,61.2,C,78.37,No
STU0384,Sneha Sharma,11A,11,Male,80.0,78.92,37.36,81.28,56.27,49.18,71.51,62.42,C,85.55,Yes
STU0385,Karan Gupta,10D,11,Female,85.97,100,100,74.03,62.24,70.0,91.11,82.9,A,82.39,Yes
STU0386,Rohan Agarwal,12A,13,Female,74.25,55.91,72.87,53.32,53.06,65.92,57.5,59.76,D,77.75,Yes
STU0387,Raj Kulkarni,10A,10,Female,71.61,60.74,38.32,47.37,40.8,64.14,65.48,52.81,D,84.65,Yes
STU0388,Karan Gupta,12A,12,Female,87.03,70.06,98.85,76.61,72.68,55.81,70.95,74.16,B,90.66,Yes
STU0389,Kavya Mehta,10C,11,Female,81.76,78.02,79.17,67.93,72.47,46.53,52.0,66.02,C,79.01,Yes
STU0390,Riya Desai,10C,11,Female,88.13,77.41,73.13,86.53,80.71,70.78,69.24,76.3,B,91.7,No
STU0391,Aditya Shah,12B,13,Male,88.63,84.18,89.37,78.42,65.34,55.28,89.83,77.07,B,91.37,Yes
STU0392,Nikhil Verma,12A,12,Male,89.88,62.32,74.77,86.31,71.54,91.07,83.17,78.2,B,82.2,Yes
STU0393,Anjali Rao,11C,11,Male,90.57,87.56,67.43,88.52,83.46,64.22,73.5,77.45,B,65.56,No
STU0394,Varun Sharma,10C,10,Female,85.94,47.74,77.72,52.81,58.65,49.32,86.01,62.04,C,96.53,Yes
STU0395,Neha Agarwal,10B,10,Female,95.43,83.41,93.56,85.5,72.78,60.53,99.94,82.62,A,99.15,Yes
STU0396,Divya Sharma,10D,11,Female,88.76,77.38,66.55,75.64,75.26,81.89,85.18,76.98,B,82.22,Yes
STU0397,Neha Reddy,11A,11,Male,70.35,49.12,27.43,53.2,56.75,48.4,31.7,44.43,F,65.49,Yes
STU0398,Aditya Iyer,12B,12,Female,85.28,75.54,68.79,67.87,54.99,69.7,60.84,66.29,C,93.87,Yes
STU0399,Akash Joshi,11C,12,Male,99.35,100,100,59.24,77.61,74.98,74.17,81.0,A,89.25,Yes
STU0400,Aditya Kumar,12A,12,Male,84.17,72.73,60.71,49.39,59.52,77.34,65.98,64.28,C,62.11,Yes
STU0401,Meera Sharma,11D,12,Female,87.22,60.93,72.14,75.96,65.59,86.39,92.95,75.66,B,83.91,Yes
STU0402,Tanvi Joshi,10A,11,Male,87.19,60.45,78.71,87.4,49.69,82.44,83.91,73.77,B,63.07,Yes
STU0403,Arjun Reddy,12B,13,Female,95.74,61.13,65.54,90.02,89.41,83.96,87.34,79.57,B,92.31,Yes
STU0404,Akash Mehta,11D,11,Male,80.29,60.1,40.7,84.97,70.84,60.89,73.07,65.09,C,90.81,Yes
STU0405,Ishita Desai,10C,10,Female,71.63,29.09,64.74,50.09,50.71,65.19,47.69,51.25,D,97.93,No
STU0406,Kavya Shah,11C,12,Female,74.35,69.98,33.8,64.06,52.68,62.07,60.6,57.2,D,87.32,Yes
STU0407,Sneha Agarwal,11C,12,Female,78.11,65.28,65.83,57.26,40.76,85.31,72.23,64.45,C,86.88,Yes
STU0408,Sanjay Verma,10C,11,Male,90.18,68.03,75.42,62.82,72.15,79.36,68.48,71.04,B,71.33,Yes
STU0409,Priya Sharma,12B,12,Male,98.16,81.27,85.97,85.56,80.33,90.9,71.36,82.56,A,94.26,Yes
STU0410,Rahul Nair,10B,10,Female,78.84,73.18,71.15,53.89,74.56,73.17,71.3,69.54,C,86.7,Yes
STU0411,Arjun Nair,10B,11,Male,81.48,62.87,65.42,80.21,45.75,74.55,75.79,67.43,C,97.14,No
STU0412,Rahul Nair,11D,11,Male,86.22,61.09,74.36,71.95,67.95,79.68,90.69,74.29,B,62.82,Yes
STU0413,Aditya Sharma,11D,11,Male,97.99,81.18,66.08,94.97,100,86.04,100,88.05,A,97.6,Yes
STU0414,Riya Iyer,11C,11,Male,70.1,43.15,64.81,42.5,72.11,82.74,38.11,57.24,D,87.27,Yes
STU0415,Priya Kumar,11B,12,Male,95.24,82.27,89.77,73.07,84.2,93.31,63.83,81.08,A,71.95,Yes
STU0416,Sneha Agarwal,11D,11,Female,92.06,72.05,65.0,77.89,98.6,64.12,80.43,76.35,B,81.62,Yes
STU0417,Riya Desai,10A,10,Female,71.68,54.65,39.74,54.09,62.46,62.43,63.03,56.07,D,87.12,No
STU0418,Vikram Mehta,10B,10,Male,84.67,55.97,70.36,58.91,54.51,100,74.78,69.09,C,85.31,Yes
STU0419,Sneha Desai,12B,12,Male,94.53,58.62,66.78,94.47,83.69,95.38,78.17,79.52,B,92.46,Yes
STU0420,Karan Singh,12B,12,Female,95.09,87.81,92.67,86.35,53.53,73.11,66.06,76.59,B,76.61,Yes
STU0421,Meera Nair,11D,11,Male,74.0,63.26,93.8,57.27,44.73,73.99,52.74,64.3,C,60.29,Yes
STU0422,Akash Rao,11C,12,Male,76.18,66.08,65.98,81.16,53.43,66.13,37.88,61.78,C,67.2,Yes
STU0423,Shruti Kumar,11A,12,Female,70.14,51.57,31.51,45.78,38.56,59.13,66.43,48.83,F,81.59,Yes
STU0424,Aditya Gupta,11A,11,Male,73.38,32.54,62.04,54.22,39.35,45.1,59.26,48.75,F,62.16,Yes
STU0425,Divya Gupta,11C,12,Female,88.5,100,78.93,50.22,58.94,87.67,92.89,78.11,B,61.16,No
STU0426,Sneha Kumar,10D,11,Female,82.57,52.67,52.17,83.81,63.64,50.9,67.92,61.85,C,76.5,Yes
STU0427,Rahul Mehta,10B,11,Female,71.63,19.26,46.54,58.3,56.83,37.48,52.36,45.13,F,67.77,Yes
STU0428,Arjun Gupta,11B,11,Male,90.77,57.78,73.49,73.98,71.97,59.17,82.38,69.8,C,95.46,No
STU0429,Anjali Nair,12B,12,Male,82.35,77.2,70.9,61.25,48.55,62.13,56.15,62.7,C,77.12,Yes
STU0430,Kavya Verma,11C,11,Male,97.41,100,71.56,95.0,100,94.58,100,93.52,A+,77.03,Yes
STU0431,Riya Singh,11D,12,Male,72.49,62.85,61.85,50.81,62.36,63.65,40.59,57.02,D,99.96,Yes
STU0432,Riya Rao,10C,11,Male,99.29,72.5,79.39,83.52,81.99,100,86.1,83.92,A,88.16,Yes
STU0433,Varun Kumar,11C,12,Male,78.9,66.41,66.52,74.3,36.41,48.73,68.1,60.08,C,84.82,Yes
STU0434,Tanvi Patel,12A,13,Male,73.33,66.15,50.92,29.23,55.38,47.99,31.5,46.86,F,88.37,Yes
STU0435,Vikram Verma,10D,10,Female,92.12,77.05,84.7,76.29,58.09,95.48,91.2,80.47,A,95.92,No
STU0436,Ishita Iyer,11A,11,Male,81.18,71.77,51.28,69.08,64.23,72.73,79.43,68.09,C,95.98,Yes
STU0437,Shruti Agarwal,10B,10,Female,72.62,42.5,48.05,68.15,62.5,55.24,55.2,55.27,D,65.92,Yes
STU0438,Rohan Sharma,11A,12,Male,84.22,68.37,90.64,64.31,52.41,76.24,83.37,72.56,B,93.4,No
STU0439,Varun Verma,11C,12,Female,84.58,67.44,64.29,73.97,74.16,73.15,81.14,72.36,B,72.26,Yes
STU0440,Kavya Kulkarni,11B,12,Male,74.45,72.02,77.92,60.59,60.44,44.25,54.35,61.59,C,67.01,Yes
STU0441,Anjali Mehta,10B,10,Female,87.24,93.52,67.76,56.92,69.3,63.22,73.13,70.64,B,65.92,Yes
STU0442,Meera Nair,12A,13,Male,97.61,80.46,69.93,79.91,96.8,72.32,95.13,82.42,A,89.54,No
STU0443,Karan Rao,11D,12,Male,93.99,92.69,100,70.87,84.49,68.46,83.47,83.33,A,87.12,Yes
STU0444,Divya Sharma,11C,11,Female,80.72,62.88,73.1,44.09,54.08,77.09,58.26,61.58,C,67.83,Yes
STU0445,Meera Desai,10B,11,Male,84.71,77.24,53.44,70.91,58.16,74.19,81.44,69.23,C,77.11,Yes
STU0446,Pooja Sharma,11A,12,Female,79.24,52.87,70.52,59.76,63.61,55.05,37.08,56.48,D,77.7,Yes
STU0447,Tanvi Iyer,11C,11,Male,74.31,56.01,46.74,57.4,49.29,72.56,53.94,55.99,D,75.03,Yes
STU0448,Neha Joshi,11C,11,Female,91.31,79.56,79.93,76.15,79.84,85.12,50.83,75.24,B,93.05,No
STU0449,Divya Kulkarni,12A,13,Male,70.81,50.21,53.68,48.0,54.84,50.06,52.54,51.55,D,95.71,Yes
STU0450,Anjali Kulkarni,10D,10,Male,92.94,84.45,100,95.55,62.08,87.66,95.26,87.5,A,70.32,Yes
STU0451,Akash Singh,11B,11,Female,74.89,52.33,66.01,88.23,61.51,52.78,64.51,64.23,C,76.78,Yes
STU0452,Priya Rao,11A,11,Male,92.99,76.06,72.83,81.49,100,78.28,100,84.78,A,87.4,Yes
STU0453,Arjun Agarwal,10B,11,Male,70.39,56.88,31.19,54.63,22.13,66.24,53.19,47.38,F,66.18,Yes
STU0454,Rohan Singh,11C,12,Male,73.5,40.18,46.5,75.08,52.42,34.74,71.29,53.37,D,99.5,No
STU0455,Karan Nair,11A,11,Male,76.67,89.58,51.78,65.56,67.5,42.59,44.64,60.27,C,87.63,Yes
STU0456,Amit Sharma,11D,12,Male,75.89,63.28,81.27,66.47,46.68,89.87,42.35,64.99,C,72.07,Yes
STU0457,Sneha Singh,12B,12,Male,75.54,50.4,53.31,82.95,76.47,71.34,59.9,65.73,C,66.42,No
STU0458,Tanvi Mehta,12A,12,Male,94.59,88.57,90.06,56.75,88.51,79.12,74.05,79.51,B,60.17,Yes
STU0459,Rohan Kulkarni,11B,11,Female,90.21,73.73,81.19,100,94.3,71.64,73.29,82.36,A,90.46,Yes
STU0460,Sneha Desai,10B,10,Female,92.87,83.7,76.22,73.65,67.96,59.24,83.64,74.07,B,84.02,Yes
STU0461,Ishita Desai,10D,11,Female,99.55,95.51,86.88,100,87.87,100,96.59,94.48,A+,60.51,Yes
STU0462,Ishita Singh,11C,12,Male,73.58,52.27,64.13,58.13,57.24,60.15,39.19,55.19,D,74.55,Yes
STU0463,Karan Gupta,12B,13,Male,76.99,55.69,40.72,58.72,61.22,58.12,61.55,56.0,D,92.04,Yes
STU0464,Pooja Kulkarni,12B,13,Female,85.34,62.66,75.3,73.39,62.44,50.63,66.8,65.2,C,61.19,Yes
STU0465,Amit Kulkarni,10A,10,Female,88.14,64.88,66.02,67.41,63.84,71.93,76.76,68.47,C,79.69,Yes
STU0466,Rohan Rao,11D,12,Female,86.27,85.02,65.81,57.09,65.85,81.13,69.11,70.67,B,64.77,Yes
STU0467,Karan Shah,11D,12,Male,70.99,59.33,37.1,43.07,59.05,53.36,76.33,54.71,D,88.63,Yes
STU0468,Sneha Kulkarni,12A,13,Female,86.87,69.82,51.56,66.62,53.0,69.08,66.03,62.69,C,90.66,Yes
STU0469,Karan Patel,10A,10,Male,95.11,91.44,81.73,72.62,83.68,100,71.57,83.51,A,73.81,Yes
STU0470,Neha Agarwal,10A,10,Male,77.04,77.62,60.86,68.93,71.19,56.4,29.65,60.77,C,81.54,Yes
STU0471,Aditya Iyer,12B,13,Female,70.61,46.86,51.4,46.56,35.36,46.63,63.22,48.34,F,79.53,Yes
STU0472,Karan Kulkarni,12A,13,Male,88.44,86.82,72.56,85.94,77.14,59.88,70.3,75.44,B,81.43,Yes
STU0473,Arjun Patel,11A,12,Male,88.74,100,76.05,73.63,73.23,93.3,95.83,85.34,A,81.24,Yes
STU0474,Rohan Agarwal,10B,11,Female,82.99,94.74,59.41,68.91,51.62,84.11,58.58,69.56,C,67.22,Yes
STU0475,Varun Nair,12B,13,Male,89.82,85.51,72.02,64.72,69.14,75.31,77.01,73.95,B,96.27,No
STU0476,Tanvi Patel,12A,12,Female,83.87,56.72,83.42,60.55,78.02,81.31,69.54,71.59,B,96.45,Yes
STU0477,Neha Joshi,11A,11,Female,90.61,63.59,69.48,84.64,70.36,77.05,79.5,74.1,B,79.42,Yes
STU0478,Neha Patel,10D,10,Female,74.09,37.39,69.7,63.53,45.28,52.44,54.09,53.74,D,79.43,Yes
STU0479,Priya Kumar,11B,12,Male,97.02,90.58,98.04,81.53,83.33,69.85,83.5,84.47,A,65.62,Yes
STU0480,Nikhil Singh,12A,13,Female,96.54,79.78,66.92,80.28,73.96,90.58,80.94,78.74,B,89.93,Yes
STU0481,Neha Gupta,10C,10,Male,76.42,27.19,31.28,58.54,55.17,26.26,56.56,42.5,F,64.52,No
STU0482,Neha Kulkarni,10D,11,Male,80.89,62.52,87.61,50.32,78.45,68.33,45.78,65.5,C,86.49,Yes
STU0483,Akash Mehta,11A,12,Female,89.17,88.79,86.21,85.36,100,45.28,95.1,83.46,A,60.31,Yes
STU0484,Arjun Rao,10B,10,Female,76.31,62.77,70.18,60.49,60.91,56.91,60.49,61.96,C,61.36,Yes
STU0485,Riya Kulkarni,11C,12,Female,96.3,73.27,100,84.04,71.63,76.7,100,84.27,A,92.54,Yes
STU0486,Aditya Sharma,10A,10,Female,93.73,67.94,83.95,75.43,87.01,81.51,96.98,82.14,A,80.65,Yes
STU0487,Shruti Iyer,11B,12,Female,96.21,75.51,86.44,87.98,97.05,71.96,85.57,84.08,A,74.7,Yes
STU0488,Rahul Mehta,10A,10,Male,97.21,93.43,79.48,91.41,82.68,82.91,87.43,86.22,A,70.41,Yes
STU0489,Pooja Nair,12B,12,Male,91.56,96.39,98.97,88.25,76.75,60.45,94.48,85.88,A,67.62,Yes
STU0490,Divya Kulkarni,11C,11,Female,95.69,96.77,100,72.66,85.04,62.95,77.71,82.52,A,65.84,Yes
STU0491,Arjun Mehta,12B,13,Male,81.09,80.43,58.35,62.68,55.16,65.14,54.87,62.77,C,87.47,Yes
STU0492,Akash Iyer,12B,13,Male,72.86,46.01,14.58,46.27,42.41,78.22,71.93,49.9,F,98.69,No
STU0493,Akash Patel,10A,11,Female,79.08,65.6,77.78,60.08,84.27,74.9,54.47,69.52,C,80.15,Yes
STU0494,Aditya Reddy,10B,11,Female,74.25,61.63,33.27,38.33,55.8,56.02,47.94,48.83,F,97.05,Yes
STU0495,Arjun Joshi,12A,13,Female,96.78,96.69,92.49,95.21,71.89,70.92,92.1,86.55,A,91.93,Yes
STU0496,Rohan Reddy,10A,10,Male,71.08,23.7,54.74,33.75,85.19,70.92,43.52,51.97,D,74.26,No
STU0497,Riya Desai,11D,11,Male,73.71,61.98,52.15,55.08,50.71,58.29,65.67,57.31,D,95.64,No
STU0498,Rohan Sharma,12A,12,Female,97.61,90.53,90.24,58.84,71.87,81.03,97.56,81.68,A,64.88,Yes
STU0499,Nikhil Singh,11B,11,Male,72.43,46.29,85.37,70.52,69.57,55.99,40.81,61.43,C,98.79,No
STU0500,Aditya Verma,12B,12,Male,95.9,79.14,81.12,93.59,74.51,89.49,84.72,83.76,A,63.7,Yes
STU0501,Anjali Mehta,11C,11,Male,95.57,54.46,79.36,74.83,100,93.85,60.48,77.16,B,79.63,Yes
STU0502,Tanvi Rao,12B,12,Female,89.97,89.1,58.31,89.41,78.68,75.03,93.8,80.72,A,76.92,Yes
STU0503,Pooja Nair,11C,12,Male,71.21,33.0,34.12,39.09,67.8,26.48,17.53,36.34,F,85.18,No
STU0504,Amit Rao,11D,12,Male,97.22,80.43,85.89,93.25,88.79,88.19,100,89.42,A,71.82,Yes
STU0505,Meera Kumar,10A,10,Female,82.39,43.38,66.26,75.06,69.02,62.11,72.31,64.69,C,60.65,Yes
STU0506,Anjali Nair,11C,11,Male,82.49,40.88,55.03,76.58,60.01,66.36,78.17,62.84,C,73.65,Yes
STU0507,Rohan Nair,10B,11,Male,83.01,53.59,67.29,46.06,67.98,73.87,67.33,62.69,C,86.31,No
STU0508,Tanvi Kulkarni,11A,12,Female,94.14,66.9,77.58,84.58,63.91,100,71.92,77.48,B,61.07,Yes
STU0509,Varun Reddy,10D,11,Male,72.58,63.94,60.77,35.42,37.26,58.03,48.81,50.71,D,77.81,Yes
STU0510,Riya Sharma,11D,11,Male,78.84,89.19,49.34,51.8,56.29,54.31,55.67,59.43,D,76.63,Yes
STU0511,Tanvi Rao,10A,11,Female,84.58,75.07,67.68,71.89,69.42,51.02,77.58,68.78,C,81.13,Yes
STU0512,Nikhil Verma,12A,12,Female,96.79,100,85.41,88.32,100,67.42,100,90.19,A+,60.83,Yes
STU0513,Tanvi Gupta,11D,12,Female,76.96,56.1,87.04,47.27,83.14,75.43,69.06,69.67,C,65.25,Yes
STU0514,Tanvi Shah,11C,12,Female,93.99,91.69,81.44,92.04,88.66,61.72,61.16,79.45,B,67.98,No
STU0515,Riya Singh,11C,12,Female,77.04,58.29,73.09,55.88,69.23,39.51,54.6,58.43,D,94.38,No
STU0516,Priya Kumar,11B,12,Male,88.53,45.3,78.31,68.73,76.55,61.44,80.99,68.55,C,95.11,Yes
STU0517,Vikram Singh,10A,11,Female,98.88,100,100,92.59,97.66,87.19,90.81,94.71,A+,82.5,No
STU0518,Sneha Nair,10B,10,Female,74.71,71.92,67.96,47.64,65.27,32.75,66.09,58.6,D,73.38,Yes
STU0519,Sneha Gupta,11D,12,Male,77.36,71.4,34.2,45.97,48.12,53.65,50.4,50.62,D,74.43,Yes
STU0520,Vikram Iyer,10D,10,Female,82.4,69.39,68.73,71.25,63.36,76.35,76.99,71.01,B,65.82,Yes
STU0521,Akash Kumar,10B,11,Female,82.05,65.71,57.4,69.83,52.51,72.84,67.96,64.38,C,82.98,No
STU0522,Divya Iyer,11C,12,Female,97.28,53.62,97.79,87.8,89.84,89.31,84.85,83.87,A,68.21,No
STU0523,Shruti Desai,11B,12,Male,96.43,56.15,100,83.54,94.93,100,73.4,84.67,A,81.63,Yes
STU0524,Amit Rao,12A,13,Male,70.7,64.42,48.52,56.27,32.05,45.82,42.15,48.21,F,80.21,Yes
STU0525,Pooja Joshi,12A,13,Male,71.43,60.11,50.04,39.37,48.1,49.64,50.81,49.68,F,92.22,No
STU0526,Nikhil Mehta,11B,12,Female,90.01,93.09,73.7,34.6,69.74,68.97,49.21,64.89,C,80.66,Yes
STU0527,Pooja Desai,10B,10,Female,94.85,59.92,75.69,100,86.42,74.78,85.99,80.47,A,81.05,No
STU0528,Meera Shah,11A,12,Female,99.9,88.14,90.49,80.65,67.18,78.44,91.88,82.8,A,79.39,Yes
STU0529,Vikram Singh,10D,11,Female,70.98,43.28,47.5,48.39,50.98,42.55,52.83,47.59,F,74.78,Yes
STU0530,Priya Reddy,10B,11,Female,99.73,73.68,80.33,77.86,76.47,100,86.8,82.52,A,95.77,Yes
STU0531,Rohan Nair,11D,11,Male,86.43,75.0,69.07,58.29,64.13,61.59,84.63,68.78,C,75.09,No
STU0532,Vikram Reddy,12A,13,Female,90.02,55.31,91.97,79.2,100,74.25,82.99,80.62,A,96.01,Yes
STU0533,Meera Patel,11D,12,Male,95.98,100,78.67,72.14,66.23,94.41,54.52,77.66,B,82.37,Yes
STU0534,Shruti Patel,12B,12,Female,85.08,56.01,78.52,72.97,84.46,68.27,79.57,73.3,B,93.19,No
STU0535,Aditya Kumar,12A,13,Female,87.67,61.96,74.11,61.09,77.13,74.85,79.53,71.45,B,75.28,Yes
STU0536,Sneha Singh,12A,12,Female,74.32,65.07,33.42,71.9,72.18,57.97,79.43,63.33,C,73.01,Yes
STU0537,Akash Patel,11A,12,Male,79.6,41.18,52.99,51.49,78.01,42.62,65.94,55.37,D,90.09,No
STU0538,Kavya Kulkarni,12A,13,Male,78.08,73.59,70.18,55.49,39.5,53.28,84.04,62.68,C,60.74,No
STU0539,Nikhil Singh,10D,10,Female,87.05,81.01,79.19,67.73,54.08,52.73,96.48,71.87,B,66.73,Yes
STU0540,Meera Iyer,12A,13,Male,70.03,33.97,58.9,57.91,44.42,42.27,69.97,51.24,D,79.29,No
STU0541,Arjun Shah,11B,11,Female,71.36,56.75,87.5,27.8,62.42,42.2,53.87,55.09,D,82.26,Yes
STU0542,Neha Gupta,12B,13,Female,89.06,90.3,70.77,73.62,56.36,79.09,73.2,73.89,B,98.36,Yes
STU0543,Raj Reddy,10A,11,Male,97.04,97.17,97.01,98.37,91.9,80.73,78.27,90.58,A+,91.49,Yes
STU0544,Meera Sharma,11D,11,Female,99.16,100,100,83.76,96.21,84.26,100,94.04,A+,64.99,Yes
STU0545,Rohan Desai,10A,10,Male,92.75,91.93,100,63.62,82.12,85.62,94.26,86.26,A,68.85,Yes
STU0546,Pooja Patel,11A,12,Male,70.21,57.38,42.57,53.08,54.48,39.29,59.95,51.12,D,67.75,No
STU0547,Ishita Nair,10B,10,Male,73.82,77.81,63.81,63.67,66.32,40.24,62.41,62.38,C,60.92,No
STU0548,Shruti Joshi,12A,13,Male,98.14,64.51,100,59.82,100,82.21,94.88,83.57,A,70.96,No
STU0549,Aditya Kulkarni,11B,11,Male,71.41,52.72,49.07,65.23,19.86,63.9,63.54,52.39,D,92.31,Yes
STU0550,Akash Iyer,10B,10,Male,74.93,38.31,46.19,68.62,44.83,48.89,72.07,53.15,D,85.05,Yes
STU0551,Arjun Mehta,10B,11,Male,98.76,99.06,83.52,91.34,70.77,93.01,100,89.62,A,77.54,Yes
STU0552,Varun Desai,12B,12,Male,99.24,100,90.87,100,92.85,80.46,85.62,91.63,A+,92.1,Yes
STU0553,Divya Iyer,10B,10,Male,86.78,93.3,57.83,59.95,82.41,66.39,62.58,70.41,B,86.39,Yes
STU0554,Aditya Shah,11D,12,Male,80.19,85.8,97.09,65.02,49.3,38.85,58.74,65.8,C,83.81,Yes
STU0555,Nikhil Gupta,12B,12,Female,80.66,77.09,72.33,57.9,49.9,41.99,66.78,61.0,C,83.38,No
STU0556,Varun Agarwal,11A,11,Male,84.09,81.82,46.06,97.27,76.03,88.74,45.57,72.58,B,69.5,No
STU0557,Priya Iyer,11B,11,Male,89.22,53.26,65.21,75.45,96.7,87.94,72.06,75.1,B,87.7,No
STU0558,Nikhil Verma,12B,13,Female,79.86,42.93,85.43,59.78,82.61,68.13,85.01,70.65,B,87.73,Yes
STU0559,Shruti Gupta,10D,11,Female,94.22,87.96,78.66,82.58,68.34,77.63,80.38,79.26,B,82.19,Yes
STU0560,Divya Desai,10D,11,Male,99.26,75.87,82.71,84.34,58.71,88.0,84.21,78.97,B,69.84,Yes
STU0561,Raj Nair,11A,11,Male,94.94,62.16,66.1,69.43,63.76,68.95,100,71.73,B,74.79,Yes
STU0562,Ishita Nair,12A,13,Male,73.55,56.08,49.48,53.33,56.96,57.69,36.75,51.71,D,77.18,Yes
STU0563,Priya Gupta,12A,13,Male,79.83,71.58,90.71,50.37,57.85,69.12,59.25,66.48,C,68.37,Yes
STU0564,Riya Kumar,10C,11,Female,84.96,75.3,57.64,93.4,88.12,76.81,82.17,78.91,B,70.73,Yes
STU0565,Varun Patel,10D,10,Male,83.56,76.04,55.68,56.79,66.56,71.56,76.6,67.2,C,70.18,Yes
STU0566,Vikram Kumar,11A,12,Female,76.91,31.11,49.82,55.05,57.33,81.53,39.93,52.46,D,79.9,Yes
STU0567,Rahul Sharma,10C,11,Male,77.97,58.21,86.53,83.77,55.81,67.46,59.03,68.47,C,71.06,Yes
STU0568,Sneha Singh,10B,11,Male,86.38,70.86,74.16,72.07,46.36,85.39,80.26,71.52,B,67.63,No
STU0569,Vikram Joshi,10A,11,Female,94.67,85.89,100,72.91,79.66,100,72.35,85.13,A,80.51,Yes
STU0570,Rahul Mehta,10D,10,Female,77.01,54.49,58.63,68.81,68.13,40.65,44.68,55.9,D,93.83,Yes
STU0571,Akash Iyer,10D,11,Female,95.59,67.43,75.97,96.71,85.25,67.56,96.88,81.63,A,86.35,Yes
STU0572,Karan Mehta,11C,12,Female,92.89,87.36,93.13,87.59,95.09,76.76,89.46,88.23,A,99.09,Yes
STU0573,Nikhil Shah,11C,11,Female,71.91,56.54,50.87,76.39,72.45,62.21,33.32,58.63,D,66.86,No
STU0574,Anjali Patel,12B,13,Male,75.6,33.4,70.24,54.89,44.76,62.35,67.93,55.59,D,62.3,No
STU0575,Raj Nair,11B,12,Female,74.71,56.84,43.32,54.51,38.0,60.73,58.63,52.0,D,65.2,Yes
STU0576,Divya Iyer,11D,11,Female,87.62,67.81,62.13,67.47,56.91,31.19,89.41,62.49,C,75.97,Yes
STU0577,Sanjay Verma,12B,13,Female,83.88,72.35,55.81,71.66,62.82,85.79,98.13,74.43,B,91.69,Yes
STU0578,Shruti Nair,11C,11,Male,97.0,92.55,97.44,96.32,63.63,82.43,85.45,86.3,A,97.83,Yes
STU0579,Anjali Joshi,12A,13,Male,90.94,76.91,69.64,76.69,86.8,79.6,75.1,77.46,B,63.06,Yes
STU0580,Sanjay Verma,11C,12,Male,77.58,51.62,43.94,63.3,38.73,78.94,74.37,58.48,D,89.84,Yes
STU0581,Rahul Patel,10A,11,Male,91.27,67.46,50.53,73.31,76.82,57.88,75.32,66.89,C,88.54,Yes
STU0582,Vikram Kulkarni,11A,11,Male,95.15,100,85.06,64.92,69.19,72.98,84.4,79.42,B,60.45,Yes
STU0583,Vikram Desai,11B,11,Male,91.43,92.38,72.8,83.55,92.75,91.06,78.45,85.17,A,86.5,Yes
STU0584,Rahul Rao,11D,11,Male,71.46,47.3,41.7,61.11,52.59,46.49,42.88,48.68,F,61.12,Yes
STU0585,Karan Gupta,10B,10,Male,93.91,82.47,58.77,79.1,79.46,80.04,72.02,75.31,B,82.48,Yes
STU0586,Shruti Gupta,12A,13,Female,73.62,63.75,41.44,68.84,31.9,56.37,58.32,53.44,D,78.35,Yes
STU0587,Ishita Joshi,12B,13,Male,72.02,37.52,53.82,70.02,35.75,50.76,23.5,45.23,F,99.62,No
STU0588,Anjali Joshi,10B,11,Female,90.34,74.98,100,66.78,65.74,82.42,98.29,81.37,A,94.06,Yes
STU0589,Amit Verma,10A,11,Female,85.33,53.3,57.89,92.5,83.0,59.62,60.75,67.84,C,64.96,Yes
STU0590,Tanvi Iyer,10D,10,Male,74.13,80.63,68.68,61.17,48.6,49.68,58.09,61.14,C,99.54,Yes
STU0591,Tanvi Verma,10C,11,Female,89.31,84.93,93.58,95.85,65.78,88.03,69.98,83.02,A,93.88,Yes
STU0592,Karan Mehta,10D,10,Male,94.04,94.22,94.1,76.17,82.05,69.35,65.83,80.29,A,62.58,Yes
STU0593,Amit Gupta,10A,10,Male,73.77,52.66,86.14,38.85,48.73,62.86,55.03,57.38,D,78.68,Yes
STU0594,Tanvi Gupta,10D,11,Male,88.18,68.94,60.18,86.39,59.19,55.21,88.2,69.69,C,98.04,Yes
STU0595,Rahul Shah,10C,11,Female,82.68,80.6,66.2,62.77,88.87,69.24,82.99,75.11,B,77.1,Yes
STU0596,Divya Reddy,12A,12,Female,81.41,57.76,76.62,70.31,67.16,46.64,72.95,65.24,C,67.83,Yes
STU0597,Raj Sharma,12A,13,Female,82.14,54.52,56.42,61.25,51.07,87.84,91.91,67.17,C,62.85,Yes
STU0598,Sneha Shah,12B,12,Male,92.89,100,71.27,86.41,61.97,76.35,72.2,78.03,B,74.73,Yes
STU0599,Varun Shah,11C,11,Male,84.33,92.41,61.58,86.06,66.92,100,44.31,75.21,B,84.22,Yes
STU0600,Arjun Mehta,12B,12,Male,73.5,61.62,72.66,40.67,70.87,68.18,43.54,59.59,D,96.4,Yes
STU0601,Anjali Iyer,11A,12,Female,87.58,68.23,69.86,100,80.84,75.01,65.4,76.56,B,91.9,Yes
STU0602,Arjun Gupta,11C,12,Male,99.61,86.45,92.5,64.68,88.42,90.39,93.91,86.06,A,89.32,Yes
STU0603,Anjali Agarwal,10C,10,Male,84.59,67.36,66.41,79.11,72.52,51.64,71.04,68.01,C,92.37,Yes
STU0604,Arjun Iyer,11D,11,Male,72.39,59.24,56.42,28.0,48.0,24.14,53.45,44.88,F,90.42,Yes
STU0605,Priya Joshi,10A,10,Male,76.33,87.05,44.58,48.83,76.85,35.24,50.57,57.19,D,90.28,No
STU0606,Neha Verma,11B,12,Female,94.51,98.66,78.37,77.42,82.76,84.86,82.49,84.09,A,64.01,Yes
STU0607,Akash Shah,10C,10,Male,96.07,76.28,93.19,89.58,87.62,81.16,85.75,85.6,A,79.01,Yes
STU0608,Ishita Gupta,10A,11,Male,89.01,70.94,84.32,70.33,65.54,73.12,77.59,73.64,B,89.57,Yes
STU0609,Pooja Iyer,11D,11,Female,78.82,65.06,49.45,67.06,69.81,74.23,51.94,62.93,C,65.11,Yes
STU0610,Divya Desai,10C,11,Male,84.47,71.9,68.53,62.79,53.14,75.22,87.95,69.92,C,99.73,Yes
STU0611,Anjali Verma,11C,12,Male,91.58,77.77,79.07,86.67,85.83,100,66.35,82.61,A,79.68,Yes
STU0612,Kavya Kumar,11B,12,Female,89.62,90.64,92.57,73.19,74.89,83.7,82.45,82.91,A,64.46,Yes
STU0613,Tanvi Gupta,10B,11,Male,95.6,79.5,95.51,73.39,76.25,85.72,89.27,83.27,A,99.19,Yes
STU0614,Pooja Reddy,12A,12,Male,81.86,80.88,64.02,45.27,69.95,74.7,80.56,69.23,C,78.23,No
STU0615,Divya Reddy,10A,11,Female,85.07,81.1,55.36,100,74.75,88.02,62.59,76.97,B,71.66,Yes
STU0616,Priya Verma,10C,10,Male,91.01,75.46,95.4,86.21,90.45,86.32,83.92,86.29,A,86.37,Yes
STU0617,Raj Shah,11B,12,Female,99.71,87.91,91.43,100,82.6,100,100,93.66,A+,94.25,Yes
STU0618,Sneha Reddy,11B,11,Female,83.73,50.58,51.01,70.54,67.82,54.91,78.9,62.29,C,89.94,Yes
STU0619,Pooja Singh,10C,11,Female,90.38,75.63,68.77,57.05,60.86,89.45,43.93,65.95,C,80.62,Yes
STU0620,Nikhil Iyer,10C,11,Male,71.02,58.33,49.23,94.04,88.15,52.24,47.59,64.93,C,87.67,Yes
STU0621,Aditya Shah,11A,12,Female,70.35,54.75,63.35,33.64,37.2,37.5,59.2,47.61,F,99.49,Yes
STU0622,Arjun Singh,12B,12,Female,84.53,78.23,80.88,56.41,33.57,70.94,67.61,64.61,C,91.81,Yes
STU0623,Rahul Sharma,11C,12,Male,85.57,48.23,76.78,86.08,61.78,70.33,78.16,70.23,B,95.9,Yes
STU0624,Shruti Nair,10A,11,Female,73.69,43.05,32.87,39.57,62.43,65.81,47.64,48.56,F,99.2,No
STU0625,Divya Agarwal,12A,12,Female,99.31,80.3,81.87,53.88,100,100,67.26,80.55,A,81.36,Yes
STU0626,Nikhil Kulkarni,11B,12,Male,90.64,73.74,72.36,83.29,64.97,76.33,48.2,69.81,C,65.37,No
STU0627,Rohan Agarwal,11A,11,Female,72.23,49.31,75.11,64.37,50.71,48.5,47.92,55.99,D,77.01,Yes
STU0628,Meera Gupta,10B,11,Male,91.43,70.09,91.41,81.51,72.07,73.3,90.54,79.82,B,91.51,Yes
STU0629,Raj Mehta,10B,11,Male,85.94,82.91,62.75,79.86,57.06,70.05,67.7,70.05,B,65.85,Yes
STU0630,Arjun Sharma,10B,11,Male,81.36,35.99,79.32,36.69,54.97,36.37,70.54,52.31,D,79.58,No
STU0631,Pooja Rao,12A,13,Male,96.9,77.48,90.88,71.15,68.7,96.27,88.62,82.18,A,81.27,No
STU0632,Rahul Kulkarni,12B,12,Female,70.28,54.44,32.86,45.07,63.59,62.12,36.48,49.09,F,89.02,Yes
STU0633,Akash Mehta,12B,13,Female,75.49,70.13,60.4,57.46,48.93,53.9,68.7,59.92,D,95.26,Yes
STU0634,Divya Kumar,11A,12,Female,95.36,74.59,63.16,61.95,56.48,70.71,77.42,67.39,C,71.43,Yes
STU0635,Raj Iyer,12A,12,Female,84.93,62.9,79.61,70.97,38.78,68.04,73.44,65.62,C,93.26,Yes
STU0636,Akash Iyer,12A,13,Male,99.83,81.07,100,89.48,99.84,78.28,59.1,84.63,A,77.95,Yes
STU0637,Ishita Mehta,10C,10,Female,95.18,79.25,91.14,77.26,66.95,76.24,79.07,78.32,B,96.56,Yes
STU0638,Meera Singh,11A,12,Female,78.81,55.47,68.7,55.08,70.16,43.73,76.26,61.57,C,85.72,Yes
STU0639,Aditya Kulkarni,10A,11,Male,88.47,85.38,77.48,62.3,76.09,80.78,54.64,72.78,B,64.05,Yes
STU0640,Rohan Kumar,12A,12,Female,73.72,43.07,43.3,72.94,54.04,41.25,47.22,50.3,D,77.13,Yes
STU0641,Meera Joshi,10B,11,Female,74.86,46.18,46.64,65.41,47.43,69.75,60.21,55.94,D,61.61,Yes
STU0642,Neha Verma,10A,10,Male,98.45,100,92.04,78.51,70.52,81.55,97.49,86.69,A,65.1,Yes
STU0643,Sanjay Shah,10C,10,Male,93.78,89.78,65.3,67.59,83.58,56.0,95.4,76.27,B,77.19,No
STU0644,Tanvi Sharma,11C,12,Female,78.47,44.26,57.53,58.22,56.41,54.95,54.33,54.28,D,64.6,Yes
STU0645,Akash Mehta,11C,11,Female,91.19,79.99,73.53,82.13,91.72,89.78,92.03,84.86,A,85.38,Yes
STU0646,Sneha Reddy,11C,11,Female,99.71,81.51,90.03,78.77,63.71,71.76,100,80.96,A,72.26,Yes
STU0647,Kavya Verma,11C,12,Male,85.3,84.68,69.4,47.39,63.66,71.04,70.87,67.84,C,72.79,Yes
STU0648,Anjali Patel,10A,10,Female,76.36,35.8,55.97,49.73,58.61,41.09,53.81,49.17,F,72.17,Yes
STU0649,Ishita Sharma,12A,12,Female,80.82,72.34,79.48,74.52,73.51,49.59,37.05,64.42,C,83.37,Yes
STU0650,Sneha Reddy,12B,12,Male,87.6,76.99,88.57,84.0,86.09,87.13,69.52,82.05,A,81.86,Yes
STU0651,Divya Kulkarni,10D,10,Male,73.83,46.8,57.78,82.97,48.98,81.41,52.45,61.73,C,73.89,Yes
STU0652,Aditya Singh,11C,11,Female,82.57,91.29,49.96,64.23,59.9,53.71,61.96,63.51,C,61.82,No
STU0653,Priya Gupta,11C,12,Male,74.97,73.75,44.17,44.23,53.54,51.01,56.89,53.93,D,66.4,Yes
STU0654,Nikhil Sharma,12A,13,Female,79.1,67.94,65.59,85.44,58.25,48.89,37.56,60.61,C,61.56,Yes
STU0655,Arjun Reddy,11A,11,Male,99.69,80.63,77.87,100,97.79,84.88,88.14,88.22,A,97.86,No
STU0656,Arjun Reddy,11C,12,Female,99.56,99.99,97.96,97.17,100,85.73,89.19,95.01,A+,60.63,No
STU0657,Sneha Shah,11A,11,Female,76.62,69.2,44.47,60.79,54.61,56.49,68.22,58.96,D,89.05,Yes
STU0658,Vikram Kulkarni,10B,11,Male,83.78,67.52,33.21,64.82,88.2,68.43,69.15,65.22,C,72.41,Yes
STU0659,Rahul Gupta,10B,10,Male,82.79,62.79,54.61,71.29,61.53,86.01,78.91,69.19,C,60.47,Yes
STU0660,Rahul Shah,10A,10,Male,92.9,76.46,64.07,74.38,69.33,86.79,85.32,76.06,B,60.54,Yes
STU0661,Sneha Verma,10B,10,Male,84.41,61.69,90.79,63.07,75.07,55.0,64.69,68.39,C,87.68,No
STU0662,Sneha Sharma,10A,10,Female,73.08,65.57,29.74,68.31,64.08,43.87,38.59,51.69,D,74.13,Yes
STU0663,Kavya Shah,10B,11,Male,99.72,88.29,99.8,89.53,83.45,92.38,100,92.24,A+,96.99,Yes
STU0664,Priya Reddy,10C,11,Female,87.99,84.39,54.4,93.68,89.71,100,57.47,79.94,B,64.16,Yes
STU0665,Ishita Agarwal,11A,11,Male,95.85,96.94,65.04,84.04,70.84,100,81.11,83.0,A,99.05,Yes
STU0666,Sneha Iyer,11A,11,Male,79.69,35.2,62.62,36.27,71.82,37.76,72.72,52.73,D,84.07,Yes
STU0667,Vikram Mehta,11C,12,Female,86.16,46.46,68.43,85.87,67.55,65.48,71.71,67.58,C,91.06,Yes
STU0668,Akash Kumar,10D,11,Male,76.1,65.36,61.05,41.21,57.92,17.88,58.8,50.37,D,74.43,Yes
STU0669,Divya Desai,10C,11,Male,76.32,47.06,70.97,51.04,45.48,39.47,65.47,53.25,D,87.84,Yes
STU0670,Pooja Patel,10B,10,Female,95.12,89.95,67.15,75.03,83.43,68.82,83.82,78.03,B,92.55,Yes
STU0671,Anjali Kulkarni,10C,11,Female,82.35,89.25,55.01,48.15,71.61,51.44,70.27,64.29,C,61.28,Yes
STU0672,Sanjay Nair,10A,11,Female,90.4,75.35,75.17,100,95.21,87.58,64.39,82.95,A,76.95,Yes
STU0673,Arjun Kumar,12A,13,Male,92.29,63.91,36.77,67.85,97.65,95.44,79.16,73.46,B,63.09,Yes
STU0674,Riya Verma,11C,12,Male,71.64,49.35,42.4,50.04,53.47,30.05,61.36,47.78,F,73.42,Yes
STU0675,Divya Nair,12A,12,Male,76.36,59.89,61.69,60.64,86.29,65.81,58.01,65.39,C,63.4,No
STU0676,Nikhil Patel,12B,13,Male,71.44,34.93,50.27,67.05,59.29,48.86,54.4,52.47,D,72.58,Yes
STU0677,Tanvi Agarwal,10C,10,Female,82.22,88.67,63.7,83.99,56.45,77.04,67.29,72.86,B,83.45,Yes
STU0678,Divya Nair,10C,11,Male,96.56,65.87,93.6,81.2,83.97,90.77,94.36,84.96,A,66.44,No
STU0679,Sanjay Verma,11D,11,Female,78.73,49.84,83.09,59.3,57.44,46.85,54.68,58.53,D,99.88,No
STU0680,Amit Reddy,12B,13,Male,94.14,69.69,90.95,78.77,67.48,83.16,70.26,76.72,B,63.76,Yes
STU0681,Anjali Rao,10C,10,Female,87.3,77.74,56.11,97.42,49.34,98.52,79.94,76.51,B,90.53,Yes
STU0682,Varun Reddy,10B,11,Male,80.9,70.58,63.67,80.6,63.5,50.17,81.83,68.39,C,84.99,Yes
STU0683,Pooja Kumar,11C,12,Female,96.32,93.56,78.61,100,63.85,98.05,82.01,86.01,A,82.43,Yes
STU0684,Sneha Rao,11C,11,Female,95.61,77.02,92.5,69.53,71.78,99.73,95.48,84.34,A,92.73,Yes
STU0685,Amit Nair,10B,11,Female,75.98,53.8,57.24,64.37,73.98,59.61,60.28,61.55,C,71.14,Yes
STU0686,Meera Reddy,11D,11,Male,79.61,67.19,55.51,79.12,53.18,79.6,56.94,65.26,C,78.94,Yes
STU0687,Rohan Sharma,11C,12,Female,89.07,64.19,44.13,68.07,58.92,72.38,81.2,64.81,C,80.99,Yes
STU0688,Anjali Patel,10B,11,Female,98.9,95.96,85.0,100,75.02,78.67,100,89.11,A,98.62,Yes
STU0689,Pooja Shah,10A,10,Male,91.68,71.65,91.67,79.27,85.4,96.44,100,87.41,A,89.33,Yes
STU0690,Vikram Desai,10C,11,Female,73.41,62.62,48.02,54.29,48.68,64.25,61.25,56.52,D,65.03,Yes
STU0691,Varun Singh,10A,10,Male,82.61,75.16,79.8,68.94,67.51,57.63,44.68,65.62,C,83.07,Yes
STU0692,Pooja Agarwal,10A,11,Female,85.06,82.1,72.93,66.88,72.12,67.56,80.66,73.71,B,81.7,No
STU0693,Karan Singh,10C,11,Female,81.19,67.01,49.21,75.52,58.01,74.43,62.8,64.5,C,85.36,No
STU0694,Sneha Kumar,10B,10,Male,88.49,65.08,75.59,79.84,88.96,63.42,51.5,70.73,B,83.25,Yes
STU0695,Ishita Rao,11C,11,Male,93.31,76.92,82.9,84.64,87.13,89.93,78.41,83.32,A,78.56,Yes
STU0696,Raj Agarwal,10D,11,Female,96.39,61.96,90.03,85.28,71.89,77.91,99.09,81.03,A,76.58,Yes
STU0697,Raj Reddy,11B,12,Female,75.11,58.15,59.1,79.69,50.53,62.48,48.57,59.75,D,62.06,No
STU0698,Neha Reddy,11C,11,Female,97.13,76.36,77.9,72.42,96.51,100,80.21,83.9,A,91.37,Yes
STU0699,Meera Nair,11B,11,Male,72.8,47.48,55.55,60.35,47.45,73.29,33.03,52.86,D,63.15,Yes
STU0700,Raj Reddy,11D,12,Male,77.19,38.9,49.57,73.46,35.7,29.1,72.16,49.81,F,90.82,Yes
STU0701,Arjun Kumar,10C,10,Male,73.33,65.91,33.81,35.45,38.04,49.38,38.47,43.51,F,93.78,Yes
STU0702,Rahul Singh,11D,11,Female,72.21,68.06,10.22,46.41,36.94,46.14,54.66,43.74,F,92.34,Yes
STU0703,Divya Sharma,10C,10,Male,99.28,100,66.41,91.87,96.67,100,88.09,90.51,A+,97.06,Yes
STU0704,Shruti Sharma,12A,12,Male,76.49,59.84,44.98,20.54,61.56,50.26,76.63,52.3,D,65.06,Yes
STU0705,Riya Gupta,10B,11,Female,84.01,58.38,73.64,100,82.16,67.0,62.74,73.99,B,93.84,Yes
STU0706,Rahul Singh,12B,13,Male,93.82,71.98,97.78,82.09,86.29,67.95,73.92,80.0,A,84.92,No
STU0707,Rahul Iyer,10D,11,Female,96.94,100,80.74,100,94.14,58.88,94.82,88.1,A,84.16,No
STU0708,Pooja Shah,10A,10,Male,94.27,73.87,84.46,77.57,58.15,81.76,100,79.3,B,72.58,Yes
STU0709,Karan Sharma,11B,11,Female,87.02,75.04,66.66,76.92,70.89,69.45,53.94,68.82,C,82.44,No
STU0710,Ishita Kumar,12B,13,Female,79.53,61.92,69.07,58.73,79.77,71.41,50.48,65.23,C,64.96,Yes
STU0711,Shruti Verma,12B,13,Male,87.29,80.73,72.49,89.29,79.31,80.57,74.66,79.51,B,93.67,Yes
STU0712,Priya Patel,11B,11,Male,84.1,78.89,43.16,51.37,76.3,64.13,54.11,61.33,C,90.98,Yes
STU0713,Shruti Patel,11C,12,Female,84.8,56.25,64.99,52.33,77.27,54.61,52.61,59.68,D,93.02,Yes
STU0714,Sneha Verma,11C,11,Male,72.64,57.18,64.13,84.96,36.13,57.53,68.96,61.48,C,62.1,Yes
STU0715,Sneha Patel,11A,11,Female,79.88,56.08,71.86,53.08,58.81,74.04,69.65,63.92,C,65.05,Yes
STU0716,Nikhil Iyer,11D,11,Male,87.34,82.45,77.48,51.75,75.24,82.12,50.07,69.85,C,71.85,Yes
STU0717,Pooja Mehta,10D,10,Male,99.15,67.41,80.64,71.37,85.73,77.54,64.57,74.54,B,68.35,No
STU0718,Sanjay Verma,11A,12,Male,95.43,64.33,84.95,76.55,62.44,75.4,95.1,76.46,B,68.12,Yes
STU0719,Rohan Kumar,11A,12,Male,90.59,84.12,73.42,70.03,55.72,75.53,74.26,72.18,B,60.66,Yes
STU0720,Anjali Joshi,10A,11,Female,80.56,51.53,77.16,47.64,71.86,63.87,58.66,61.79,C,73.35,Yes
STU0721,Arjun Agarwal,10B,10,Female,91.96,77.49,73.87,91.98,68.24,70.72,91.59,78.98,B,77.34,Yes
STU0722,Varun Mehta,10B,10,Male,71.59,35.69,58.25,63.83,39.32,54.83,40.68,48.77,F,88.63,Yes
STU0723,Rahul Singh,10D,11,Female,76.17,73.0,57.57,59.66,52.41,42.97,56.15,56.96,D,80.13,No
STU0724,Riya Rao,10D,10,Female,90.44,45.83,70.09,87.65,88.8,100,88.11,80.08,A,60.83,Yes
STU0725,Amit Nair,10A,11,Female,87.49,65.24,68.6,64.94,60.71,63.38,76.4,66.55,C,93.41,No
STU0726,Sanjay Nair,10C,10,Male,79.14,42.48,61.81,63.89,51.91,62.18,70.51,58.8,D,74.57,Yes
STU0727,Pooja Rao,11B,12,Male,78.1,63.91,59.71,60.86,67.17,58.89,60.79,61.89,C,74.29,Yes
STU0728,Kavya Iyer,11B,11,Male,75.82,70.18,74.88,59.91,90.48,55.03,66.13,69.44,C,77.97,No
STU0729,Anjali Joshi,11B,12,Female,87.67,74.4,71.76,46.46,68.6,64.49,81.87,67.93,C,64.92,Yes
STU0730,Nikhil Agarwal,11A,11,Male,84.97,85.6,77.04,34.5,100,75.98,63.93,72.84,B,72.15,Yes
STU0731,Amit Rao,10A,11,Male,76.52,67.09,53.28,50.46,51.17,48.45,60.52,55.16,D,62.0,Yes
STU0732,Pooja Rao,12A,12,Male,91.4,63.15,66.0,78.92,93.92,80.53,79.02,76.92,B,97.32,Yes
STU0733,Ishita Shah,11C,12,Male,96.79,98.02,81.27,89.26,68.15,82.43,80.24,83.23,A,65.57,Yes
STU0734,Arjun Reddy,11C,11,Female,79.15,71.11,82.06,67.27,68.73,57.3,73.06,69.92,C,63.84,No
STU0735,Aditya Verma,12A,13,Female,80.63,62.0,83.56,62.02,67.81,61.19,80.02,69.43,C,63.54,Yes
STU0736,Shruti Rao,10D,11,Male,88.63,74.82,81.66,53.21,51.77,69.76,85.55,69.46,C,78.51,No
STU0737,Aditya Patel,10B,10,Female,94.9,89.34,56.47,70.94,52.39,99.27,66.79,72.53,B,62.43,No
STU0738,Ishita Patel,10D,10,Female,74.09,78.42,69.6,37.74,44.42,64.04,54.05,58.04,D,92.22,No
STU0739,Akash Gupta,10B,10,Male,74.59,64.95,50.72,29.69,21.43,49.33,49.5,44.27,F,75.63,Yes
STU0740,Divya Shah,11D,11,Male,95.25,77.96,98.45,100,87.58,81.92,88.32,89.04,A,85.45,Yes
STU0741,Vikram Mehta,10C,10,Female,84.41,48.72,63.89,77.61,74.72,41.48,57.79,60.7,C,91.99,Yes
STU0742,Neha Iyer,10C,10,Female,83.71,59.03,59.7,70.1,89.14,70.2,64.71,68.81,C,61.71,Yes
STU0743,Vikram Desai,11D,12,Male,99.45,100,99.94,100,89.71,79.51,71.08,90.04,A+,62.51,Yes
STU0744,Pooja Verma,11D,11,Female,93.55,65.95,97.81,87.03,100,91.19,100,90.33,A+,84.23,Yes
STU0745,Nikhil Joshi,10C,11,Female,87.53,73.01,50.85,74.16,83.04,69.3,81.33,71.95,B,79.98,Yes
STU0746,Karan Mehta,10D,10,Male,91.84,80.68,100,100,76.89,84.28,76.04,86.31,A,90.0,Yes
STU0747,Pooja Sharma,10C,11,Male,90.96,69.97,96.8,62.69,84.59,58.66,80.13,75.47,B,71.44,Yes
STU0748,Tanvi Nair,11C,11,Male,87.46,65.72,83.29,66.94,60.34,86.19,63.54,71.0,B,76.32,No
STU0749,Amit Verma,10C,11,Male,94.97,95.27,82.78,85.08,74.17,77.4,70.55,80.88,A,62.69,Yes
STU0750,Varun Shah,10B,10,Male,93.47,87.54,93.78,66.24,96.25,51.88,61.44,76.19,B,97.62,Yes
STU0751,Rahul Agarwal,10B,10,Female,72.24,42.99,43.82,42.62,57.94,48.4,48.67,47.41,F,87.9,Yes
STU0752,Nikhil Kulkarni,11A,11,Male,80.14,67.02,63.4,76.71,55.47,50.22,80.89,65.62,C,96.97,Yes
STU0753,Kavya Kulkarni,10B,10,Female,99.43,91.17,79.98,89.35,69.9,85.26,100,85.94,A,70.82,Yes
STU0754,Sneha Patel,11D,11,Female,82.95,67.52,63.49,70.84,70.59,64.33,97.64,72.4,B,92.45,No
STU0755,Shruti Shah,10A,11,Male,81.61,77.19,71.72,52.85,75.64,57.15,51.23,64.3,C,84.63,Yes
STU0756,Pooja Gupta,11B,12,Male,77.15,53.39,61.08,63.8,54.04,74.6,52.61,59.92,D,61.83,Yes
STU0757,Tanvi Mehta,10A,10,Male,73.8,51.28,42.3,49.43,67.37,37.47,74.26,53.69,D,84.24,Yes
STU0758,Ishita Singh,10B,10,Female,98.15,59.8,84.47,98.24,100,93.5,85.72,86.95,A,72.11,Yes
STU0759,Meera Rao,10D,11,Female,90.93,82.9,66.21,100,92.09,90.82,61.91,82.32,A,68.14,Yes
STU0760,Sanjay Mehta,11A,11,Male,81.17,70.27,54.13,62.38,73.18,61.44,71.83,65.54,C,64.57,Yes
STU0761,Priya Joshi,11A,12,Female,94.82,61.94,99.3,74.53,85.63,99.85,73.94,82.53,A,61.78,Yes
STU0762,Rahul Nair,11C,11,Female,70.94,66.74,45.25,76.88,56.51,40.82,54.23,56.74,D,70.5,No
STU0763,Rohan Sharma,11B,12,Female,93.48,99.59,79.34,78.46,79.71,76.23,100,85.55,A,71.5,No
STU0764,Aditya Iyer,12B,13,Male,98.81,80.96,100,85.69,84.75,83.96,100,89.23,A,70.98,Yes
STU0765,Meera Rao,11B,12,Male,88.47,69.6,92.13,92.53,91.86,71.27,54.15,78.59,B,82.74,Yes
STU0766,Arjun Nair,11D,12,Male,83.2,59.57,79.27,73.75,48.43,61.86,60.67,63.93,C,97.55,Yes
STU0767,Shruti Verma,10B,11,Male,77.74,62.72,71.01,65.28,70.59,51.22,78.99,66.64,C,86.24,Yes
STU0768,Sneha Patel,10C,11,Female,71.26,75.65,58.64,42.87,43.82,42.69,61.12,54.13,D,94.3,Yes
STU0769,Meera Patel,12B,12,Female,73.27,62.74,36.56,46.72,24.2,73.07,54.79,49.68,F,87.24,Yes
STU0770,Varun Iyer,11A,11,Male,79.8,69.5,56.05,74.98,32.06,62.28,71.27,61.02,C,84.88,Yes
STU0771,Pooja Patel,11A,11,Male,73.19,43.04,71.23,47.92,68.36,64.2,73.65,61.4,C,97.6,Yes
STU0772,Nikhil Patel,10C,11,Male,98.66,89.38,89.26,100,100,72.28,86.42,89.56,A,81.56,Yes
STU0773,Sanjay Patel,12B,13,Female,79.51,61.22,74.24,62.75,24.28,74.94,57.59,59.17,D,69.24,Yes
STU0774,Tanvi Singh,10D,11,Female,80.86,37.31,30.6,82.54,69.09,63.88,80.13,60.59,C,76.75,No
STU0775,Vikram Mehta,11C,11,Female,93.88,86.32,93.59,63.3,81.53,55.41,78.97,76.52,B,95.26,Yes
STU0776,Anjali Desai,10A,10,Male,82.56,69.07,78.49,66.69,66.25,82.58,99.28,77.06,B,60.96,Yes
STU0777,Amit Reddy,12A,13,Female,80.63,58.44,54.02,71.37,46.93,89.91,68.74,64.9,C,83.66,No
STU0778,Sneha Patel,10B,11,Female,97.32,82.26,85.58,93.76,89.69,82.73,100,89.0,A,88.95,No
STU0779,Sanjay Kumar,10C,10,Female,90.22,65.76,73.8,78.32,61.83,78.31,69.76,71.3,B,69.29,Yes
STU0780,Karan Patel,12B,13,Female,79.68,69.15,44.92,64.08,82.46,77.94,75.71,69.04,C,68.43,No
STU0781,Arjun Verma,10B,11,Female,74.97,49.61,49.44,68.75,41.62,52.97,59.8,53.7,D,84.25,Yes
STU0782,Kavya Joshi,10C,10,Male,86.56,62.7,54.06,56.72,57.08,78.9,75.76,64.2,C,67.81,Yes
STU0783,Raj Agarwal,10D,11,Female,91.96,91.11,92.22,72.89,69.09,89.53,100,85.81,A,77.78,Yes
STU0784,Riya Joshi,10B,10,Female,91.95,73.11,70.71,58.93,67.79,91.81,82.74,74.18,B,80.28,Yes
STU0785,Aditya Kumar,11B,11,Female,73.01,65.04,52.9,64.7,49.37,72.23,56.07,60.05,C,97.97,Yes
STU0786,Kavya Reddy,12B,13,Male,90.2,64.94,77.07,88.13,85.89,73.56,70.45,76.67,B,95.03,No
STU0787,Tanvi Gupta,10A,11,Male,84.72,100,88.04,69.08,74.73,83.98,78.46,82.38,A,69.39,Yes
STU0788,Riya Nair,11A,11,Female,90.04,76.84,75.68,77.71,39.54,75.16,65.24,68.36,C,98.52,Yes
STU0789,Neha Desai,11B,11,Female,73.47,73.03,51.24,32.63,57.97,46.17,65.78,54.47,D,79.35,Yes
STU0790,Shruti Iyer,10D,10,Female,78.04,58.51,79.23,49.41,62.37,40.8,72.64,60.49,C,76.45,Yes
STU0791,Neha Shah,11A,11,Female,84.57,70.03,78.1,60.36,73.36,83.1,73.52,73.08,B,81.44,Yes
STU0792,Shruti Verma,10C,10,Male,94.07,75.56,73.15,79.92,88.6,96.4,82.12,82.62,A,80.75,Yes
STU0793,Meera Gupta,10C,11,Male,78.71,52.01,54.21,53.46,66.21,38.62,67.26,55.29,D,93.82,No
STU0794,Sneha Shah,11D,11,Male,78.49,43.82,72.61,49.84,60.02,74.38,72.19,62.14,C,75.11,Yes
STU0795,Vikram Joshi,10B,10,Male,85.14,62.32,77.83,46.39,72.01,83.37,88.13,71.67,B,63.82,No
STU0796,Rahul Gupta,12B,13,Female,82.75,72.05,51.35,73.93,59.23,48.54,77.92,63.84,C,75.06,Yes
STU0797,Amit Mehta,11C,12,Female,78.53,65.14,75.93,45.88,33.12,69.27,73.9,60.54,C,90.51,Yes
STU0798,Aditya Mehta,12B,12,Female,93.14,59.51,68.65,100,73.4,82.5,75.64,76.62,B,63.35,No
STU0799,Anjali Gupta,11D,11,Male,74.24,32.9,53.08,56.93,52.19,48.93,64.17,51.37,D,70.08,Yes
STU0800,Tanvi Verma,10C,10,Female,90.67,77.73,69.82,78.76,48.35,54.2,86.2,69.18,C,79.99,Yes
STU0801,Karan Desai,11D,11,Male,82.77,64.66,58.88,40.55,58.93,56.3,41.82,53.52,D,94.79,Yes
STU0802,Priya Iyer,11D,11,Female,74.2,54.22,61.79,62.91,42.92,74.59,37.03,55.58,D,95.21,Yes
STU0803,Sanjay Verma,12B,13,Male,74.25,64.05,40.11,61.63,56.98,71.9,40.2,55.81,D,78.52,Yes
STU0804,Tanvi Reddy,10C,11,Male,79.53,63.82,58.76,70.67,50.61,56.59,56.52,59.5,D,63.75,Yes
STU0805,Karan Singh,10A,11,Male,72.0,54.64,63.23,50.58,52.53,57.6,35.74,52.39,D,96.46,Yes
STU0806,Nikhil Rao,11B,12,Female,86.83,85.7,52.26,81.35,71.94,43.83,67.12,67.03,C,82.55,Yes
STU0807,Sanjay Shah,11B,12,Female,76.28,42.8,43.9,68.91,59.12,51.0,52.15,52.98,D,79.02,Yes
STU0808,Karan Kumar,10A,10,Female,82.76,74.67,61.36,86.21,68.2,38.74,66.14,65.89,C,88.25,Yes
STU0809,Divya Verma,12A,12,Male,98.66,90.38,100,60.94,100,95.8,89.8,89.49,A,91.56,Yes
STU0810,Meera Iyer,11B,11,Male,95.98,100,100,92.01,94.51,88.55,90.47,94.26,A+,96.82,Yes
STU0811,Rahul Agarwal,10C,10,Male,83.26,62.49,47.88,55.64,43.36,64.15,42.54,52.68,D,96.86,No
STU0812,Arjun Patel,11A,12,Female,71.32,57.96,46.38,56.03,54.92,95.15,75.35,64.3,C,97.1,No
STU0813,Varun Desai,11D,11,Female,92.5,68.02,83.71,64.78,65.22,66.18,89.45,72.89,B,88.23,Yes
STU0814,Vikram Kumar,11C,11,Male,83.3,63.77,75.63,86.82,79.77,64.56,76.54,74.52,B,89.5,Yes
STU0815,Ishita Verma,10C,11,Male,98.22,93.28,88.69,81.76,98.24,96.86,95.29,92.35,A+,89.16,Yes
STU0816,Anjali Desai,10A,11,Male,90.66,65.87,65.62,77.56,84.88,61.0,78.64,72.26,B,64.71,Yes
STU0817,Nikhil Kumar,12B,13,Male,73.49,26.2,45.8,56.42,63.72,59.27,47.77,49.86,F,91.55,Yes
STU0818,Varun Agarwal,11D,11,Male,79.23,53.6,66.68,77.33,78.39,61.11,44.67,63.63,C,75.17,Yes
STU0819,Anjali Joshi,10C,11,Female,76.78,56.02,56.83,46.36,70.84,72.92,56.23,59.87,D,79.6,No
STU0820,Pooja Agarwal,12A,13,Male,71.1,42.9,51.72,64.98,41.17,71.72,63.92,56.07,D,92.44,Yes
STU0821,Rohan Verma,12A,13,Male,85.4,84.71,68.56,72.8,95.94,76.24,67.14,77.56,B,79.01,Yes
STU0822,Nikhil Verma,11B,12,Male,79.67,49.6,62.93,55.43,54.35,75.56,33.33,55.2,D,96.12,Yes
STU0823,Pooja Rao,10C,11,Male,92.56,97.27,95.88,76.43,90.49,84.74,94.31,89.85,A,69.74,Yes
STU0824,Shruti Verma,11D,12,Female,71.2,71.97,29.49,67.34,57.67,44.75,41.38,52.1,D,70.77,No
STU0825,Rahul Sharma,10C,10,Female,96.6,100,100,70.56,78.9,85.88,83.28,86.44,A,73.33,Yes
STU0826,Amit Rao,10C,11,Female,81.88,67.93,84.05,69.33,70.92,65.91,42.86,66.83,C,94.31,Yes
STU0827,Amit Mehta,10C,11,Male,84.32,63.64,81.23,72.21,79.11,73.53,60.1,71.64,B,93.25,Yes
STU0828,Sneha Shah,10C,11,Male,82.0,61.06,65.37,61.63,70.63,56.67,80.11,65.91,C,73.87,No
STU0829,Raj Mehta,12B,12,Male,81.07,58.02,88.66,85.32,68.82,60.95,42.64,67.4,C,65.52,Yes
STU0830,Priya Gupta,11A,12,Male,80.19,49.0,45.61,75.83,62.71,74.69,27.64,55.91,D,98.34,Yes
STU0831,Anjali Nair,11C,11,Female,94.19,64.8,97.55,88.81,78.58,95.17,95.1,86.67,A,65.15,No
STU0832,Rahul Desai,10A,11,Female,82.67,55.33,66.23,74.05,87.92,47.84,83.26,69.11,C,80.08,Yes
STU0833,Akash Verma,12A,13,Male,93.56,89.65,88.85,71.19,84.32,82.96,100,86.16,A,97.37,No
STU0834,Arjun Gupta,12A,13,Female,71.46,57.28,34.2,46.65,43.85,38.18,51.71,45.31,F,70.09,Yes
STU0835,Ishita Rao,10A,11,Male,78.8,68.87,45.38,70.27,58.3,45.16,64.67,58.77,D,81.25,Yes
STU0836,Kavya Nair,10B,10,Male,91.8,100,86.49,74.67,85.65,83.77,67.81,83.06,A,93.02,No
STU0837,Nikhil Desai,10A,10,Female,81.18,32.58,98.95,69.53,77.33,61.85,65.69,67.66,C,63.15,Yes
STU0838,Neha Shah,10A,10,Female,91.65,81.49,51.26,100,73.36,72.36,75.0,75.58,B,99.8,No
STU0839,Sanjay Mehta,10A,11,Female,76.46,82.78,54.28,47.56,67.38,67.42,55.99,62.57,C,75.95,Yes
STU0840,Ishita Rao,11A,11,Female,76.21,72.51,90.16,80.0,49.29,83.57,65.58,73.52,B,63.89,Yes
STU0841,Raj Verma,10D,10,Female,91.84,87.3,58.03,75.49,71.27,89.89,91.49,78.91,B,82.31,Yes
STU0842,Karan Verma,11B,12,Male,83.86,48.44,62.43,85.9,69.7,72.34,63.34,67.03,C,94.09,Yes
STU0843,Varun Kulkarni,12A,13,Male,76.23,72.1,52.43,39.54,41.16,70.31,49.13,54.11,D,84.99,Yes
STU0844,Shruti Agarwal,12B,13,Female,99.87,78.63,94.21,87.29,100,80.5,82.16,87.13,A,65.27,No
STU0845,Sneha Singh,11C,11,Male,99.76,100,80.79,83.24,100,94.12,91.17,91.55,A+,76.34,Yes
STU0846,Neha Joshi,11B,12,Male,89.93,66.16,76.6,86.61,57.95,79.63,72.28,73.2,B,76.16,Yes
STU0847,Divya Desai,10C,10,Female,78.65,62.68,70.66,64.83,72.72,57.76,60.83,64.91,C,86.12,Yes
STU0848,Neha Gupta,10A,10,Male,88.29,75.47,53.17,87.27,100,64.64,82.64,77.2,B,66.66,Yes
STU0849,Ishita Kumar,11B,11,Female,86.56,80.36,70.52,43.46,60.99,62.87,86.03,67.37,C,97.49,Yes
STU0850,Karan Reddy,11A,11,Male,76.21,56.12,49.03,71.01,54.61,55.01,68.55,59.05,D,80.01,Yes
STU0851,Shruti Verma,10C,10,Female,91.66,82.62,89.87,85.5,77.94,84.08,80.7,83.45,A,75.41,Yes
STU0852,Arjun Singh,12B,12,Female,84.42,61.39,65.64,54.31,76.65,68.83,96.97,70.63,B,88.66,No
STU0853,Varun Desai,11C,11,Male,74.38,50.61,45.49,59.3,54.31,69.3,47.02,54.34,D,73.59,Yes
STU0854,Riya Gupta,11A,11,Female,89.26,48.17,93.47,58.94,65.34,67.79,70.75,67.41,C,77.79,Yes
STU0855,Akash Joshi,12B,13,Male,92.84,81.68,68.02,71.59,77.7,79.5,77.45,75.99,B,97.79,Yes
STU0856,Nikhil Rao,11D,12,Female,74.63,67.51,58.87,63.03,68.8,32.33,51.33,56.98,D,94.04,No
STU0857,Divya Reddy,12B,12,Female,80.92,70.49,80.71,56.59,56.19,65.67,80.45,68.35,C,85.75,No
STU0858,Sanjay Verma,12A,13,Female,95.96,96.72,73.11,96.01,79.6,91.06,72.36,84.81,A,97.88,Yes
STU0859,Kavya Rao,10D,10,Male,78.35,75.65,70.83,91.44,48.04,66.54,63.04,69.26,C,96.25,No
STU0860,Kavya Gupta,11B,11,Female,88.79,73.66,75.07,72.13,100,79.78,62.25,77.15,B,63.18,Yes
STU0861,Aditya Mehta,10D,11,Male,90.69,83.88,47.59,80.28,76.9,77.93,91.45,76.34,B,82.08,Yes
STU0862,Tanvi Gupta,10B,10,Female,71.83,40.95,52.35,44.87,38.19,56.9,42.79,46.01,F,72.75,Yes
STU0863,Rohan Kulkarni,10B,11,Male,84.28,56.06,58.89,77.6,86.66,43.61,45.4,61.37,C,96.2,Yes
STU0864,Varun Gupta,12B,13,Male,77.55,56.71,55.67,65.31,51.28,57.32,60.15,57.74,D,85.81,Yes
STU0865,Meera Mehta,11B,12,Female,88.78,79.75,56.71,64.26,67.74,71.89,96.0,72.73,B,79.83,Yes
STU0866,Amit Iyer,11A,11,Female,80.27,59.81,69.65,64.24,48.77,36.17,54.69,55.55,D,72.22,No
STU0867,Riya Singh,11A,11,Male,79.71,69.14,56.83,46.23,67.21,62.23,53.34,59.16,D,80.66,Yes
STU0868,Varun Iyer,11A,11,Female,84.16,77.8,74.2,90.36,75.48,79.88,67.71,77.57,B,77.99,Yes
STU0869,Nikhil Shah,11C,11,Female,71.66,38.08,55.88,46.3,38.41,45.59,63.38,47.94,F,68.09,Yes
STU0870,Divya Agarwal,10A,11,Female,93.73,82.48,88.89,79.12,69.86,75.53,74.38,78.38,B,64.27,Yes
STU0871,Anjali Verma,11D,12,Male,93.44,100,90.61,82.68,65.1,100,70.1,84.75,A,62.37,Yes
STU0872,Varun Verma,11A,12,Female,97.71,74.02,84.62,99.15,94.93,100,91.3,90.67,A+,66.07,Yes
STU0873,Nikhil Rao,12B,12,Male,83.15,51.42,65.38,74.44,93.49,57.11,85.76,71.27,B,65.62,Yes
STU0874,Akash Verma,11B,12,Male,75.52,58.89,66.63,52.8,50.8,70.45,60.32,59.98,D,89.91,Yes
STU0875,Vikram Singh,11C,12,Female,94.18,99.87,88.71,66.25,73.33,89.54,88.64,84.39,A,99.83,No
STU0876,Karan Kulkarni,11A,12,Male,92.03,69.09,82.39,79.38,62.21,75.53,72.69,73.55,B,63.51,Yes
STU0877,Shruti Gupta,10B,11,Female,83.97,71.46,69.65,42.15,89.51,77.29,60.78,68.47,C,78.16,Yes
STU0878,Raj Shah,12B,13,Male,88.71,76.01,70.13,85.69,58.13,95.16,70.06,75.86,B,90.71,No
STU0879,Aditya Gupta,12B,13,Male,75.67,34.5,62.42,65.07,89.28,52.05,56.74,60.01,C,65.09,Yes
STU0880,Amit Verma,11B,11,Male,76.05,46.41,77.29,35.08,51.31,54.2,49.56,52.31,D,95.11,Yes
STU0881,Sneha Shah,10A,11,Male,81.41,56.46,71.11,71.65,70.02,90.93,62.06,70.37,B,67.0,No
STU0882,Tanvi Singh,10C,10,Male,98.22,77.84,100,90.27,96.85,100,84.92,91.65,A+,80.28,Yes
STU0883,Arjun Singh,11D,11,Male,81.4,45.65,63.41,73.07,60.38,62.35,65.61,61.74,C,97.84,Yes
STU0884,Kavya Kumar,11C,12,Male,98.54,91.9,94.35,82.01,77.12,93.33,95.99,89.12,A,65.12,Yes
STU0885,Vikram Kulkarni,10A,10,Male,95.99,84.78,95.07,81.4,67.58,68.99,81.63,79.91,B,98.61,Yes
STU0886,Pooja Singh,10C,10,Female,76.12,52.96,70.43,55.33,62.86,40.85,45.55,54.66,D,61.14,Yes
STU0887,Priya Reddy,11C,11,Female,92.88,66.84,71.26,70.18,83.96,77.64,64.52,72.4,B,62.65,Yes
STU0888,Aditya Iyer,12A,13,Male,95.71,100,76.82,86.19,92.16,73.2,83.35,85.29,A,81.6,No
STU0889,Ishita Singh,11D,12,Male,73.77,61.03,40.17,41.41,55.15,62.96,73.69,55.73,D,71.29,No
STU0890,Sneha Mehta,10D,11,Male,91.9,65.96,77.43,72.29,71.4,75.37,98.2,76.78,B,70.67,Yes
STU0891,Karan Iyer,11B,11,Male,92.44,73.27,87.69,65.38,82.77,66.25,100,79.23,B,93.42,Yes
STU0892,Anjali Shah,11B,11,Female,84.52,62.94,45.52,51.71,71.31,75.77,68.16,62.57,C,84.85,No
STU0893,Aditya Singh,11A,12,Female,99.9,85.6,100,90.83,100,69.41,70.94,86.13,A,94.25,No
STU0894,Arjun Kumar,11B,12,Male,98.94,59.43,79.83,87.18,82.18,90.34,73.37,78.72,B,94.93,Yes
STU0895,Aditya Iyer,12A,12,Male,81.93,72.45,57.91,76.16,69.06,54.48,75.31,67.56,C,89.34,Yes
STU0896,Sanjay Reddy,12B,12,Female,86.18,60.54,68.01,51.75,63.93,80.36,83.15,67.96,C,94.36,Yes
STU0897,Akash Reddy,12A,13,Male,78.35,100,43.12,64.37,62.47,63.54,61.57,65.84,C,78.72,Yes
STU0898,Tanvi Rao,10A,10,Female,91.25,70.79,92.72,93.11,80.49,85.88,65.29,81.38,A,65.61,Yes
STU0899,Anjali Mehta,11C,11,Female,81.73,43.54,46.19,48.66,76.85,62.4,75.28,58.82,D,64.94,No
STU0900,Ishita Reddy,10D,11,Male,90.17,65.17,76.75,72.11,81.91,46.23,83.2,70.89,B,78.84,Yes
STU0901,Divya Singh,12A,13,Male,72.11,48.14,56.26,56.05,49.35,52.35,50.52,52.11,D,95.64,Yes
STU0902,Varun Desai,11C,11,Female,92.75,56.45,86.2,87.82,95.82,76.0,71.3,78.93,B,94.77,Yes
STU0903,Akash Iyer,11C,11,Male,95.96,71.05,99.61,71.62,87.38,80.18,59.29,78.19,B,93.45,Yes
STU0904,Amit Sharma,10B,11,Male,87.57,61.01,57.95,69.15,69.09,91.06,72.09,70.06,B,84.27,No
STU0905,Rahul Shah,10A,10,Male,87.27,63.24,86.18,81.81,76.24,71.85,50.18,71.58,B,75.75,Yes
STU0906,Pooja Desai,11D,11,Female,94.39,76.85,80.67,87.19,68.89,92.11,65.65,78.56,B,97.84,Yes
STU0907,Divya Iyer,10A,11,Female,80.76,67.32,75.6,77.76,59.16,62.8,53.24,65.98,C,87.96,Yes
STU0908,Anjali Gupta,12A,13,Female,92.6,75.55,67.08,89.2,69.25,60.97,100,77.01,B,92.21,Yes
STU0909,Karan Rao,10B,10,Female,79.39,66.3,39.36,54.87,59.14,87.12,46.23,58.84,D,92.24,Yes
STU0910,Anjali Nair,11B,11,Male,75.69,65.51,74.5,52.89,50.18,46.35,48.7,56.35,D,84.74,Yes
STU0911,Rohan Kumar,10B,11,Female,74.37,52.19,60.82,61.57,44.55,39.12,60.3,53.09,D,95.06,Yes
STU0912,Shruti Kumar,11B,11,Female,94.78,81.48,79.13,88.97,75.06,95.71,91.52,85.31,A,68.76,Yes
STU0913,Aditya Gupta,10C,10,Female,77.31,45.68,55.99,64.47,77.68,58.57,60.87,60.54,C,76.49,No
STU0914,Nikhil Shah,12B,13,Female,91.2,82.12,97.52,97.06,81.08,87.26,87.45,88.75,A,72.81,Yes
STU0915,Amit Reddy,11B,11,Male,72.9,33.6,72.52,59.64,59.71,37.43,55.78,53.11,D,69.11,Yes
STU0916,Akash Mehta,11D,12,Male,83.81,62.24,82.49,55.16,100,64.03,52.07,69.33,C,86.01,Yes
STU0917,Riya Reddy,10B,11,Male,98.64,82.17,75.41,69.78,97.93,98.58,93.2,86.18,A,90.57,Yes
STU0918,Rahul Gupta,11D,12,Female,79.92,66.61,54.16,66.35,66.21,51.4,36.47,56.87,D,72.58,Yes
STU0919,Shruti Patel,11B,11,Male,88.42,72.43,77.47,80.84,78.28,84.24,82.84,79.35,B,67.17,Yes
STU0920,Raj Kulkarni,10B,11,Male,72.82,66.18,39.55,63.52,67.38,36.51,35.21,51.39,D,93.89,Yes
STU0921,Sneha Rao,11B,11,Female,96.37,76.2,70.91,92.23,72.32,84.6,80.48,79.46,B,73.59,Yes
STU0922,Sanjay Joshi,10A,10,Male,90.48,82.64,67.5,84.86,66.24,89.35,64.44,75.84,B,92.0,No
STU0923,Nikhil Agarwal,10B,10,Male,89.09,91.2,78.68,83.04,97.4,66.45,64.3,80.18,A,74.97,Yes
STU0924,Aditya Nair,12A,12,Female,70.91,27.2,63.39,80.64,80.07,72.04,45.08,61.4,C,71.66,Yes
STU0925,Ishita Nair,12B,12,Male,84.93,67.59,59.8,100,84.29,72.58,86.8,78.51,B,75.55,Yes
STU0926,Sneha Kumar,11B,11,Female,74.24,53.19,60.35,59.46,54.15,46.06,47.89,53.52,D,79.22,No
STU0927,Sneha Kumar,11B,12,Male,78.48,54.92,79.16,56.82,73.13,46.85,58.53,61.57,C,79.62,Yes
STU0928,Sneha Verma,12A,13,Female,79.18,64.59,76.62,68.03,74.5,75.84,61.37,70.16,B,97.87,Yes
STU0929,Nikhil Nair,11B,11,Male,71.42,51.23,33.68,61.14,36.54,54.27,54.87,48.62,F,89.54,No
STU0930,Anjali Agarwal,10A,10,Male,83.72,50.25,39.24,56.68,74.89,52.02,69.9,57.16,D,84.52,Yes
STU0931,Rahul Gupta,10B,11,Male,97.13,100,100,100,84.41,97.98,72.05,92.41,A+,96.7,Yes
STU0932,Priya Reddy,10C,10,Female,96.46,76.0,53.82,100,100,72.74,89.81,82.06,A,89.47,Yes
STU0933,Neha Sharma,11C,12,Female,78.34,60.1,72.05,74.38,42.21,68.56,55.71,62.17,C,87.84,Yes
STU0934,Vikram Mehta,10B,10,Male,74.77,63.54,53.2,54.84,48.46,58.6,77.11,59.29,D,88.6,Yes
STU0935,Divya Rao,11A,12,Male,92.83,83.36,90.8,59.23,67.63,98.15,74.91,79.01,B,80.73,Yes
STU0936,Riya Kulkarni,10B,10,Male,71.14,57.2,64.39,67.86,43.99,44.11,18.3,49.31,F,89.53,Yes
STU0937,Shruti Patel,12A,12,Male,91.75,67.85,65.37,76.74,84.34,70.17,51.16,69.27,C,78.48,Yes
STU0938,Rahul Shah,10C,11,Male,76.76,50.28,61.45,84.03,48.35,61.76,77.31,63.86,C,84.07,Yes
STU0939,Meera Nair,10C,11,Male,73.34,36.03,59.22,35.92,69.24,60.75,54.47,52.6,D,61.54,Yes
STU0940,Ishita Mehta,10A,11,Male,86.88,69.39,86.36,89.92,54.9,71.0,76.56,74.69,B,62.96,Yes
STU0941,Nikhil Shah,11A,12,Female,97.31,90.6,79.51,47.42,100,98.27,65.08,80.15,A,95.94,Yes
STU0942,Meera Agarwal,10D,10,Female,89.11,61.68,100,100,94.38,70.73,66.89,82.28,A,92.22,Yes
STU0943,Priya Desai,11C,11,Female,73.75,55.96,62.7,42.61,53.0,66.33,53.51,55.69,D,98.09,Yes
STU0944,Pooja Verma,11B,12,Male,91.7,89.59,65.21,72.1,61.76,86.49,64.38,73.25,B,84.76,Yes
STU0945,Meera Iyer,11B,12,Male,81.78,59.26,49.33,73.08,82.4,54.06,89.12,67.88,C,76.48,Yes
STU0946,Rohan Verma,12A,12,Female,98.11,100,96.9,70.26,100,73.0,81.17,86.89,A,99.35,No
STU0947,Vikram Shah,12B,12,Male,82.34,67.98,89.96,63.38,69.09,51.36,71.01,68.8,C,84.49,Yes
STU0948,Ishita Singh,10B,10,Male,70.26,45.51,41.98,50.63,28.68,73.44,38.43,46.45,F,66.02,Yes
STU0949,Divya Kumar,11B,12,Female,84.25,57.85,62.78,61.85,49.28,81.0,49.47,60.37,C,76.61,No
STU0950,Shruti Iyer,10C,11,Female,90.7,100,93.41,76.08,61.59,75.24,90.07,82.73,A,65.42,Yes
STU0951,Riya Shah,11D,11,Male,87.59,82.9,68.1,72.97,67.65,68.28,38.82,66.45,C,79.67,No
STU0952,Pooja Verma,10B,11,Male,75.32,71.26,64.23,56.15,72.1,66.84,53.87,64.08,C,67.89,Yes
STU0953,Divya Kumar,11B,12,Male,88.66,86.97,89.49,76.92,64.83,80.55,81.38,80.02,A,96.17,Yes
STU0954,Riya Verma,10C,10,Male,91.02,79.96,65.09,69.57,94.15,78.72,73.91,76.9,B,86.38,Yes
STU0955,Meera Patel,10C,10,Male,79.08,50.72,46.93,33.38,63.25,59.14,58.98,52.07,D,74.67,No
STU0956,Neha Iyer,11B,11,Female,91.57,78.07,79.05,86.37,84.74,80.25,67.08,79.26,B,86.65,Yes
STU0957,Sanjay Singh,10A,10,Male,77.29,60.21,67.96,53.62,55.65,55.53,39.32,55.38,D,88.92,Yes
STU0958,Shruti Kumar,10C,11,Female,93.58,73.8,56.29,64.29,79.83,81.75,75.49,71.91,B,63.67,Yes
STU0959,Raj Iyer,10D,10,Male,91.51,76.2,69.47,71.99,70.23,99.54,62.31,74.96,B,88.25,Yes
STU0960,Divya Patel,11D,11,Male,72.39,60.32,35.94,67.6,50.72,40.75,55.91,51.87,D,90.47,Yes
STU0961,Anjali Verma,10D,10,Female,89.06,77.61,83.64,63.77,54.26,75.23,78.08,72.1,B,89.42,No
STU0962,Raj Joshi,11A,11,Male,71.85,59.86,59.56,46.14,38.1,73.73,53.98,55.23,D,95.95,Yes
STU0963,Raj Kumar,11B,12,Male,87.08,85.69,59.12,73.63,63.36,75.61,64.51,70.32,B,79.56,No
STU0964,Tanvi Gupta,10D,10,Male,90.73,76.18,93.62,59.34,75.35,92.03,100,82.75,A,94.75,Yes
STU0965,Aditya Reddy,10C,11,Female,98.49,93.8,100,84.33,100,60.01,86.44,87.43,A,77.38,Yes
STU0966,Vikram Nair,10D,10,Male,81.74,39.14,32.32,59.66,65.17,58.31,73.48,54.68,D,81.97,Yes
STU0967,Rohan Kulkarni,12B,13,Female,83.05,100,64.05,76.84,56.68,63.06,73.6,72.37,B,88.24,No
STU0968,Divya Reddy,10D,11,Male,82.49,51.99,84.64,73.95,70.9,42.68,60.9,64.18,C,64.87,Yes
STU0969,Sanjay Rao,11B,12,Male,81.09,100,53.28,76.97,80.43,61.6,51.21,70.58,B,69.34,Yes
STU0970,Varun Kulkarni,11A,12,Female,90.95,56.75,95.45,73.79,81.49,71.16,78.91,76.26,B,84.38,Yes
STU0971,Riya Kulkarni,10A,11,Male,81.52,58.73,65.02,52.57,78.98,66.21,54.21,62.62,C,89.11,Yes
STU0972,Aditya Shah,10D,11,Male,80.91,68.79,64.43,60.94,70.95,58.83,65.52,64.91,C,82.48,Yes
STU0973,Karan Kulkarni,11B,11,Male,98.73,77.02,90.56,95.19,87.98,59.35,100,85.02,A,71.3,Yes
STU0974,Neha Sharma,11A,12,Male,74.32,31.53,51.7,65.31,32.98,37.14,38.47,42.85,F,65.9,Yes
STU0975,Meera Nair,12B,13,Female,73.23,58.43,43.28,93.56,41.44,36.51,40.09,52.22,D,98.24,Yes
STU0976,Priya Verma,12A,13,Female,74.25,65.22,47.52,53.52,42.61,35.57,27.65,45.35,F,84.52,Yes
STU0977,Varun Rao,11B,11,Male,91.68,56.5,72.62,83.83,64.13,85.87,86.91,74.98,B,88.55,Yes
STU0978,Pooja Agarwal,11B,11,Female,80.31,51.12,40.23,48.19,54.88,61.66,59.27,52.56,D,81.92,Yes
STU0979,Rohan Desai,10C,10,Female,76.82,42.38,58.13,41.95,64.45,67.36,47.74,53.67,D,61.69,Yes
STU0980,Vikram Reddy,12A,13,Female,81.63,83.45,51.66,46.3,65.87,46.17,73.66,61.19,C,76.6,Yes
STU0981,Priya Gupta,12B,12,Male,76.89,30.17,72.88,58.87,48.81,41.62,85.83,56.36,D,75.89,Yes
STU0982,Meera Sharma,12B,13,Female,86.69,63.62,55.44,39.09,70.2,66.21,77.38,61.99,C,70.41,Yes
STU0983,Varun Rao,11D,11,Female,88.1,60.37,56.13,77.66,79.91,46.11,93.2,68.9,C,89.71,Yes
STU0984,Rohan Rao,10D,11,Female,83.91,71.95,76.24,75.51,45.15,61.06,71.74,66.94,C,60.49,Yes
STU0985,Karan Gupta,11D,12,Female,83.74,55.41,68.74,74.62,33.13,90.31,63.4,64.27,C,86.68,Yes
STU0986,Amit Singh,10A,10,Male,95.71,99.28,91.84,95.44,86.78,82.82,66.75,87.15,A,62.14,Yes
STU0987,Varun Gupta,11C,12,Male,78.4,73.85,34.67,59.65,40.41,69.06,62.27,56.65,D,97.29,Yes
STU0988,Sneha Sharma,11D,11,Male,73.38,66.73,54.6,41.21,48.08,58.04,46.96,52.6,D,82.53,Yes
STU0989,Tanvi Reddy,10D,10,Female,90.34,81.89,81.91,72.13,65.82,87.81,50.89,73.41,B,61.76,Yes
STU0990,Arjun Rao,11D,11,Female,70.73,66.49,63.71,60.39,30.97,55.95,80.75,59.71,D,94.94,Yes
STU0991,Meera Kulkarni,10D,10,Female,80.92,50.67,72.94,64.02,39.3,73.65,71.99,62.09,C,82.04,Yes
STU0992,Karan Agarwal,11C,11,Female,81.16,67.34,84.22,37.83,50.4,74.31,68.7,63.8,C,76.31,Yes
STU0993,Amit Joshi,10C,11,Female,89.36,66.23,86.31,85.79,93.91,71.2,91.41,82.48,A,99.31,Yes
STU0994,Shruti Verma,12A,12,Male,99.32,89.59,100,77.27,100,97.13,82.4,91.06,A+,81.76,No
STU0995,Sneha Sharma,11A,11,Male,90.52,99.53,78.65,84.08,98.78,78.88,78.99,86.48,A,80.92,Yes
STU0996,Kavya Agarwal,11C,11,Male,89.21,86.39,82.31,91.75,43.54,70.99,73.82,74.8,B,80.18,Yes
STU0997,Riya Reddy,10B,11,Male,92.67,96.12,81.89,85.87,95.09,62.07,90.03,85.18,A,71.83,Yes
STU0998,Anjali Kumar,10B,11,Female,98.53,100,89.91,100,85.17,74.48,86.29,89.31,A,68.34,Yes
STU0999,Shruti Kulkarni,12B,12,Female,99.31,94.3,81.38,90.65,92.23,83.06,100,90.27,A+,90.79,Yes
STU1000,Akash Agarwal,11D,11,Female,71.16,61.66,61.72,64.88,37.81,48.82,41.99,52.81,D,88.62,Yes
